,ANO,UF,CARGO,PARTIDO,HOMENS,MULHERES,TOTAL,%MULHERES,%HOMENS
0,2010,AC,DEPUTADO ESTADUAL,PSDC,25,1,26,0.038461538461538464,0.9615384615384616
1,2010,AC,DEPUTADO ESTADUAL,PV,10,1,11,0.09090909090909091,0.9090909090909091
2,2010,AC,DEPUTADO ESTADUAL,PC do B,25,11,36,0.3055555555555556,0.6944444444444444
3,2010,AC,DEPUTADO ESTADUAL,PSB,28,8,36,0.2222222222222222,0.7777777777777778
4,2010,AC,DEPUTADO ESTADUAL,PSOL,10,2,12,0.16666666666666666,0.8333333333333334
5,2010,AC,DEPUTADO ESTADUAL,PTB,8,1,9,0.1111111111111111,0.8888888888888888
6,2010,AC,DEPUTADO ESTADUAL,PSDB,24,5,29,0.1724137931034483,0.8275862068965517
7,2010,AC,DEPUTADO ESTADUAL,PRTB,20,8,28,0.2857142857142857,0.7142857142857143
8,2010,AC,DEPUTADO ESTADUAL,PP,24,5,29,0.1724137931034483,0.8275862068965517
9,2010,AC,DEPUTADO ESTADUAL,PMN,15,6,21,0.2857142857142857,0.7142857142857143
10,2010,AC,DEPUTADO ESTADUAL,PT,19,4,23,0.17391304347826086,0.8260869565217391
11,2010,AC,DEPUTADO ESTADUAL,PTC,17,3,20,0.15,0.85
12,2010,AC,DEPUTADO ESTADUAL,PMDB,16,6,22,0.2727272727272727,0.7272727272727273
13,2010,AC,DEPUTADO ESTADUAL,DEM,11,3,14,0.21428571428571427,0.7857142857142857
14,2010,AC,DEPUTADO ESTADUAL,PTN,3,1,4,0.25,0.75
15,2010,AC,DEPUTADO ESTADUAL,PPS,14,4,18,0.2222222222222222,0.7777777777777778
16,2010,AC,DEPUTADO ESTADUAL,PRP,16,1,17,0.058823529411764705,0.9411764705882353
17,2010,AC,DEPUTADO ESTADUAL,PSC,8,3,11,0.2727272727272727,0.7272727272727273
18,2010,AC,DEPUTADO ESTADUAL,PRB,3,1,4,0.25,0.75
19,2010,AC,DEPUTADO ESTADUAL,PHS,2,0,2,0.0,1.0
20,2010,AC,DEPUTADO ESTADUAL,PT do B,2,1,3,0.3333333333333333,0.6666666666666666
21,2010,AC,DEPUTADO ESTADUAL,PR,3,2,5,0.4,0.6
22,2010,AC,DEPUTADO ESTADUAL,PSL,3,1,4,0.25,0.75
23,2010,AC,DEPUTADO ESTADUAL,PDT,4,0,4,0.0,1.0
24,2010,AC,DEPUTADO FEDERAL,PPS,3,1,4,0.25,0.75
25,2010,AC,DEPUTADO FEDERAL,PSC,3,2,5,0.4,0.6
26,2010,AC,DEPUTADO FEDERAL,PMDB,2,0,2,0.0,1.0
27,2010,AC,DEPUTADO FEDERAL,PR,2,0,2,0.0,1.0
28,2010,AC,DEPUTADO FEDERAL,PSDB,6,1,7,0.14285714285714285,0.8571428571428571
29,2010,AC,DEPUTADO FEDERAL,PTN,1,0,1,0.0,1.0
30,2010,AC,DEPUTADO FEDERAL,PT,5,1,6,0.16666666666666666,0.8333333333333334
31,2010,AC,DEPUTADO FEDERAL,PRP,2,0,2,0.0,1.0
32,2010,AC,DEPUTADO FEDERAL,PRTB,0,1,1,1.0,0.0
33,2010,AC,DEPUTADO FEDERAL,PSDC,1,0,1,0.0,1.0
34,2010,AC,DEPUTADO FEDERAL,PP,1,0,1,0.0,1.0
35,2010,AC,DEPUTADO FEDERAL,PTC,1,0,1,0.0,1.0
36,2010,AC,DEPUTADO FEDERAL,PV,2,0,2,0.0,1.0
37,2010,AC,DEPUTADO FEDERAL,PDT,1,0,1,0.0,1.0
38,2010,AC,DEPUTADO FEDERAL,PSB,1,0,1,0.0,1.0
39,2010,AC,DEPUTADO FEDERAL,DEM,2,0,2,0.0,1.0
40,2010,AC,DEPUTADO FEDERAL,PC do B,0,1,1,1.0,0.0
41,2010,AC,DEPUTADO FEDERAL,PTB,0,1,1,1.0,0.0
42,2010,AC,DEPUTADO FEDERAL,PSOL,1,0,1,0.0,1.0
43,2010,AC,DEPUTADO FEDERAL,PMN,0,2,2,1.0,0.0
44,2010,AC,DEPUTADO FEDERAL,PRB,1,0,1,0.0,1.0
45,2010,AC,SENADOR,PSOL,1,0,1,0.0,1.0
46,2010,AC,SENADOR,PC do B,1,0,1,0.0,1.0
47,2010,AC,SENADOR,PMDB,1,0,1,0.0,1.0
48,2010,AC,SENADOR,PT,1,0,1,0.0,1.0
49,2010,AC,SENADOR,PMN,1,0,1,0.0,1.0
50,2014,AC,DEPUTADO ESTADUAL,PRP,26,10,36,0.2777777777777778,0.7222222222222222
51,2014,AC,DEPUTADO ESTADUAL,PTB,3,0,3,0.0,1.0
52,2014,AC,DEPUTADO ESTADUAL,PC do B,8,5,13,0.38461538461538464,0.6153846153846154
53,2014,AC,DEPUTADO ESTADUAL,PSOL,7,3,10,0.3,0.7
54,2014,AC,DEPUTADO ESTADUAL,PV,18,8,26,0.3076923076923077,0.6923076923076923
55,2014,AC,DEPUTADO ESTADUAL,PT,18,10,28,0.35714285714285715,0.6428571428571429
56,2014,AC,DEPUTADO ESTADUAL,PEN,5,1,6,0.16666666666666666,0.8333333333333334
57,2014,AC,DEPUTADO ESTADUAL,PRB,16,4,20,0.2,0.8
58,2014,AC,DEPUTADO ESTADUAL,PSD,18,8,26,0.3076923076923077,0.6923076923076923
59,2014,AC,DEPUTADO ESTADUAL,PDT,25,11,36,0.3055555555555556,0.6944444444444444
60,2014,AC,DEPUTADO ESTADUAL,PTC,2,2,4,0.5,0.5
61,2014,AC,DEPUTADO ESTADUAL,PMN,4,2,6,0.3333333333333333,0.6666666666666666
62,2014,AC,DEPUTADO ESTADUAL,DEM,20,10,30,0.3333333333333333,0.6666666666666666
63,2014,AC,DEPUTADO ESTADUAL,PSB,22,10,32,0.3125,0.6875
64,2014,AC,DEPUTADO ESTADUAL,PPS,16,7,23,0.30434782608695654,0.6956521739130435
65,2014,AC,DEPUTADO ESTADUAL,PSDC,22,10,32,0.3125,0.6875
66,2014,AC,DEPUTADO ESTADUAL,PR,17,8,25,0.32,0.68
67,2014,AC,DEPUTADO ESTADUAL,PSC,11,4,15,0.26666666666666666,0.7333333333333333
68,2014,AC,DEPUTADO ESTADUAL,PSDB,20,6,26,0.23076923076923078,0.7692307692307693
69,2014,AC,DEPUTADO ESTADUAL,PTN,14,8,22,0.36363636363636365,0.6363636363636364
70,2014,AC,DEPUTADO ESTADUAL,PHS,7,6,13,0.46153846153846156,0.5384615384615384
71,2014,AC,DEPUTADO ESTADUAL,PP,28,13,41,0.3170731707317073,0.6829268292682927
72,2014,AC,DEPUTADO ESTADUAL,PPL,11,3,14,0.21428571428571427,0.7857142857142857
73,2014,AC,DEPUTADO ESTADUAL,PMDB,12,4,16,0.25,0.75
74,2014,AC,DEPUTADO ESTADUAL,PT do B,5,5,10,0.5,0.5
75,2014,AC,DEPUTADO ESTADUAL,PROS,1,1,2,0.5,0.5
76,2014,AC,DEPUTADO ESTADUAL,SD,7,3,10,0.3,0.7
77,2014,AC,DEPUTADO ESTADUAL,PSL,4,1,5,0.2,0.8
78,2014,AC,DEPUTADO FEDERAL,PSDB,4,1,5,0.2,0.8
79,2014,AC,DEPUTADO FEDERAL,DEM,6,2,8,0.25,0.75
80,2014,AC,DEPUTADO FEDERAL,PT do B,1,1,2,0.5,0.5
81,2014,AC,DEPUTADO FEDERAL,PMDB,2,1,3,0.3333333333333333,0.6666666666666666
82,2014,AC,DEPUTADO FEDERAL,PP,5,2,7,0.2857142857142857,0.7142857142857143
83,2014,AC,DEPUTADO FEDERAL,SD,1,0,1,0.0,1.0
84,2014,AC,DEPUTADO FEDERAL,PMN,0,1,1,1.0,0.0
85,2014,AC,DEPUTADO FEDERAL,PSOL,2,1,3,0.3333333333333333,0.6666666666666666
86,2014,AC,DEPUTADO FEDERAL,PV,2,2,4,0.5,0.5
87,2014,AC,DEPUTADO FEDERAL,PSD,2,2,4,0.5,0.5
88,2014,AC,DEPUTADO FEDERAL,PT,5,6,11,0.5454545454545454,0.45454545454545453
89,2014,AC,DEPUTADO FEDERAL,PSL,0,1,1,1.0,0.0
90,2014,AC,DEPUTADO FEDERAL,PPS,1,0,1,0.0,1.0
91,2014,AC,DEPUTADO FEDERAL,PSC,0,1,1,1.0,0.0
92,2014,AC,DEPUTADO FEDERAL,PRB,1,0,1,0.0,1.0
93,2014,AC,DEPUTADO FEDERAL,PRP,1,0,1,0.0,1.0
94,2014,AC,DEPUTADO FEDERAL,PR,1,0,1,0.0,1.0
95,2014,AC,DEPUTADO FEDERAL,PDT,1,0,1,0.0,1.0
96,2014,AC,DEPUTADO FEDERAL,PSB,1,0,1,0.0,1.0
97,2014,AC,DEPUTADO FEDERAL,PHS,1,0,1,0.0,1.0
98,2014,AC,DEPUTADO FEDERAL,PTB,0,1,1,1.0,0.0
99,2014,AC,DEPUTADO FEDERAL,PC do B,1,0,1,0.0,1.0
100,2014,AC,DEPUTADO FEDERAL,PROS,1,0,1,0.0,1.0
101,2014,AC,DEPUTADO FEDERAL,PPL,2,0,2,0.0,1.0
102,2014,AC,DEPUTADO FEDERAL,PTN,1,0,1,0.0,1.0
103,2014,AC,DEPUTADO FEDERAL,PSDC,1,0,1,0.0,1.0
104,2014,AC,SENADOR,PP,1,0,1,0.0,1.0
105,2014,AC,SENADOR,PSOL,1,0,1,0.0,1.0
106,2014,AC,SENADOR,PC do B,0,1,1,1.0,0.0
107,2014,AC,SENADOR,PMN,1,0,1,0.0,1.0
108,2018,AC,DEPUTADO ESTADUAL,PDT,19,9,28,0.32142857142857145,0.6785714285714286
109,2018,AC,DEPUTADO ESTADUAL,PRP,15,4,19,0.21052631578947367,0.7894736842105263
110,2018,AC,DEPUTADO ESTADUAL,DEM,11,5,16,0.3125,0.6875
111,2018,AC,DEPUTADO ESTADUAL,PRB,9,6,15,0.4,0.6
112,2018,AC,DEPUTADO ESTADUAL,PSDB,22,10,32,0.3125,0.6875
113,2018,AC,DEPUTADO ESTADUAL,PSL,22,8,30,0.26666666666666666,0.7333333333333333
114,2018,AC,DEPUTADO ESTADUAL,PP,18,10,28,0.35714285714285715,0.6428571428571429
115,2018,AC,DEPUTADO ESTADUAL,PPS,10,2,12,0.16666666666666666,0.8333333333333334
116,2018,AC,DEPUTADO ESTADUAL,PTB,19,9,28,0.32142857142857145,0.6785714285714286
117,2018,AC,DEPUTADO ESTADUAL,PMB,5,3,8,0.375,0.625
118,2018,AC,DEPUTADO ESTADUAL,PATRI,1,2,3,0.6666666666666666,0.3333333333333333
119,2018,AC,DEPUTADO ESTADUAL,MDB,10,7,17,0.4117647058823529,0.5882352941176471
120,2018,AC,DEPUTADO ESTADUAL,PT,13,7,20,0.35,0.65
121,2018,AC,DEPUTADO ESTADUAL,PSB,23,12,35,0.34285714285714286,0.6571428571428571
122,2018,AC,DEPUTADO ESTADUAL,PSC,7,4,11,0.36363636363636365,0.6363636363636364
123,2018,AC,DEPUTADO ESTADUAL,PSD,8,3,11,0.2727272727272727,0.7272727272727273
124,2018,AC,DEPUTADO ESTADUAL,PHS,16,6,22,0.2727272727272727,0.7272727272727273
125,2018,AC,DEPUTADO ESTADUAL,DC,17,9,26,0.34615384615384615,0.6538461538461539
126,2018,AC,DEPUTADO ESTADUAL,REDE,7,3,10,0.3,0.7
127,2018,AC,DEPUTADO ESTADUAL,PSOL,6,5,11,0.45454545454545453,0.5454545454545454
128,2018,AC,DEPUTADO ESTADUAL,PODE,11,2,13,0.15384615384615385,0.8461538461538461
129,2018,AC,DEPUTADO ESTADUAL,PC do B,3,2,5,0.4,0.6
130,2018,AC,DEPUTADO ESTADUAL,SOLIDARIEDADE,15,9,24,0.375,0.625
131,2018,AC,DEPUTADO ESTADUAL,PRTB,11,3,14,0.21428571428571427,0.7857142857142857
132,2018,AC,DEPUTADO ESTADUAL,PROS,5,3,8,0.375,0.625
133,2018,AC,DEPUTADO ESTADUAL,PV,6,4,10,0.4,0.6
134,2018,AC,DEPUTADO ESTADUAL,PTC,2,2,4,0.5,0.5
135,2018,AC,DEPUTADO ESTADUAL,PMN,2,2,4,0.5,0.5
136,2018,AC,DEPUTADO ESTADUAL,PR,3,0,3,0.0,1.0
137,2018,AC,DEPUTADO ESTADUAL,PPL,2,0,2,0.0,1.0
138,2018,AC,DEPUTADO FEDERAL,PSL,5,3,8,0.375,0.625
139,2018,AC,DEPUTADO FEDERAL,PDT,11,6,17,0.35294117647058826,0.6470588235294118
140,2018,AC,DEPUTADO FEDERAL,DC,2,1,3,0.3333333333333333,0.6666666666666666
141,2018,AC,DEPUTADO FEDERAL,PSDB,0,1,1,1.0,0.0
142,2018,AC,DEPUTADO FEDERAL,PROS,2,0,2,0.0,1.0
143,2018,AC,DEPUTADO FEDERAL,PRP,2,1,3,0.3333333333333333,0.6666666666666666
144,2018,AC,DEPUTADO FEDERAL,PPS,0,1,1,1.0,0.0
145,2018,AC,DEPUTADO FEDERAL,PP,3,0,3,0.0,1.0
146,2018,AC,DEPUTADO FEDERAL,AVANTE,6,3,9,0.3333333333333333,0.6666666666666666
147,2018,AC,DEPUTADO FEDERAL,PT,3,2,5,0.4,0.6
148,2018,AC,DEPUTADO FEDERAL,PC do B,0,1,1,1.0,0.0
149,2018,AC,DEPUTADO FEDERAL,MDB,3,1,4,0.25,0.75
150,2018,AC,DEPUTADO FEDERAL,PSOL,3,1,4,0.25,0.75
151,2018,AC,DEPUTADO FEDERAL,PTB,0,1,1,1.0,0.0
152,2018,AC,DEPUTADO FEDERAL,PV,1,1,2,0.5,0.5
153,2018,AC,DEPUTADO FEDERAL,PPL,1,0,1,0.0,1.0
154,2018,AC,DEPUTADO FEDERAL,PSB,1,0,1,0.0,1.0
155,2018,AC,DEPUTADO FEDERAL,PATRI,1,0,1,0.0,1.0
156,2018,AC,DEPUTADO FEDERAL,PODE,1,1,2,0.5,0.5
157,2018,AC,DEPUTADO FEDERAL,PHS,2,0,2,0.0,1.0
158,2018,AC,DEPUTADO FEDERAL,REDE,1,1,2,0.5,0.5
159,2018,AC,DEPUTADO FEDERAL,DEM,1,0,1,0.0,1.0
160,2018,AC,DEPUTADO FEDERAL,PRB,1,0,1,0.0,1.0
161,2018,AC,DEPUTADO FEDERAL,SOLIDARIEDADE,0,1,1,1.0,0.0
162,2018,AC,DEPUTADO FEDERAL,PSD,1,0,1,0.0,1.0
163,2018,AC,DEPUTADO FEDERAL,PRTB,1,1,2,0.5,0.5
164,2018,AC,DEPUTADO FEDERAL,PMB,0,1,1,1.0,0.0
165,2018,AC,DEPUTADO FEDERAL,PR,0,1,1,1.0,0.0
166,2018,AC,DEPUTADO FEDERAL,PTC,1,0,1,0.0,1.0
167,2018,AC,DEPUTADO FEDERAL,PMN,1,0,1,0.0,1.0
168,2018,AC,DEPUTADO FEDERAL,PSC,1,0,1,0.0,1.0
169,2018,AC,SENADOR,PT,2,0,2,0.0,1.0
170,2018,AC,SENADOR,PSD,1,0,1,0.0,1.0
171,2018,AC,SENADOR,REDE,1,0,1,0.0,1.0
172,2018,AC,SENADOR,PSL,1,0,1,0.0,1.0
173,2018,AC,SENADOR,MDB,1,0,1,0.0,1.0
174,2010,AL,DEPUTADO ESTADUAL,PRTB,18,2,20,0.1,0.9
175,2010,AL,DEPUTADO ESTADUAL,PDT,15,5,20,0.25,0.75
176,2010,AL,DEPUTADO ESTADUAL,PPS,25,11,36,0.3055555555555556,0.6944444444444444
177,2010,AL,DEPUTADO ESTADUAL,PSB,4,4,8,0.5,0.5
178,2010,AL,DEPUTADO ESTADUAL,PMDB,13,1,14,0.07142857142857142,0.9285714285714286
179,2010,AL,DEPUTADO ESTADUAL,PV,15,4,19,0.21052631578947367,0.7894736842105263
180,2010,AL,DEPUTADO ESTADUAL,PMN,12,2,14,0.14285714285714285,0.8571428571428571
181,2010,AL,DEPUTADO ESTADUAL,PSL,14,0,14,0.0,1.0
182,2010,AL,DEPUTADO ESTADUAL,PSC,1,2,3,0.6666666666666666,0.3333333333333333
183,2010,AL,DEPUTADO ESTADUAL,PTB,15,2,17,0.11764705882352941,0.8823529411764706
184,2010,AL,DEPUTADO ESTADUAL,PC do B,3,2,5,0.4,0.6
185,2010,AL,DEPUTADO ESTADUAL,PSDB,18,2,20,0.1,0.9
186,2010,AL,DEPUTADO ESTADUAL,PT do B,4,2,6,0.3333333333333333,0.6666666666666666
187,2010,AL,DEPUTADO ESTADUAL,DEM,18,4,22,0.18181818181818182,0.8181818181818182
188,2010,AL,DEPUTADO ESTADUAL,PSOL,28,12,40,0.3,0.7
189,2010,AL,DEPUTADO ESTADUAL,PP,5,3,8,0.375,0.625
190,2010,AL,DEPUTADO ESTADUAL,PRB,4,0,4,0.0,1.0
191,2010,AL,DEPUTADO ESTADUAL,PTN,15,5,20,0.25,0.75
192,2010,AL,DEPUTADO ESTADUAL,PCB,2,1,3,0.3333333333333333,0.6666666666666666
193,2010,AL,DEPUTADO ESTADUAL,PT,16,7,23,0.30434782608695654,0.6956521739130435
194,2010,AL,DEPUTADO ESTADUAL,PSDC,1,0,1,0.0,1.0
195,2010,AL,DEPUTADO ESTADUAL,PR,9,0,9,0.0,1.0
196,2010,AL,DEPUTADO ESTADUAL,PRP,2,0,2,0.0,1.0
197,2010,AL,DEPUTADO ESTADUAL,PTC,1,0,1,0.0,1.0
198,2010,AL,DEPUTADO ESTADUAL,PHS,2,0,2,0.0,1.0
199,2010,AL,DEPUTADO FEDERAL,PTB,4,3,7,0.42857142857142855,0.5714285714285714
200,2010,AL,DEPUTADO FEDERAL,PRP,2,0,2,0.0,1.0
201,2010,AL,DEPUTADO FEDERAL,PSDB,5,1,6,0.16666666666666666,0.8333333333333334
202,2010,AL,DEPUTADO FEDERAL,PSOL,9,4,13,0.3076923076923077,0.6923076923076923
203,2010,AL,DEPUTADO FEDERAL,PSB,4,0,4,0.0,1.0
204,2010,AL,DEPUTADO FEDERAL,PP,2,1,3,0.3333333333333333,0.6666666666666666
205,2010,AL,DEPUTADO FEDERAL,PC do B,1,1,2,0.5,0.5
206,2010,AL,DEPUTADO FEDERAL,PSC,2,0,2,0.0,1.0
207,2010,AL,DEPUTADO FEDERAL,PTN,1,1,2,0.5,0.5
208,2010,AL,DEPUTADO FEDERAL,PMN,4,1,5,0.2,0.8
209,2010,AL,DEPUTADO FEDERAL,PSDC,2,1,3,0.3333333333333333,0.6666666666666666
210,2010,AL,DEPUTADO FEDERAL,PHS,4,0,4,0.0,1.0
211,2010,AL,DEPUTADO FEDERAL,PR,2,0,2,0.0,1.0
212,2010,AL,DEPUTADO FEDERAL,DEM,3,1,4,0.25,0.75
213,2010,AL,DEPUTADO FEDERAL,PT,4,0,4,0.0,1.0
214,2010,AL,DEPUTADO FEDERAL,PMDB,4,1,5,0.2,0.8
215,2010,AL,DEPUTADO FEDERAL,PT do B,1,2,3,0.6666666666666666,0.3333333333333333
216,2010,AL,DEPUTADO FEDERAL,PV,1,0,1,0.0,1.0
217,2010,AL,DEPUTADO FEDERAL,PSL,2,0,2,0.0,1.0
218,2010,AL,DEPUTADO FEDERAL,PRB,3,1,4,0.25,0.75
219,2010,AL,DEPUTADO FEDERAL,PDT,1,0,1,0.0,1.0
220,2010,AL,DEPUTADO FEDERAL,PCB,1,0,1,0.0,1.0
221,2010,AL,DEPUTADO FEDERAL,PRTB,2,0,2,0.0,1.0
222,2010,AL,DEPUTADO FEDERAL,PPS,0,1,1,1.0,0.0
223,2010,AL,SENADOR,PTB,2,0,2,0.0,1.0
224,2010,AL,SENADOR,PP,1,0,1,0.0,1.0
225,2010,AL,SENADOR,PCB,1,0,1,0.0,1.0
226,2010,AL,SENADOR,PC do B,1,0,1,0.0,1.0
227,2010,AL,SENADOR,PSOL,0,1,1,1.0,0.0
228,2010,AL,SENADOR,PRTB,2,0,2,0.0,1.0
229,2010,AL,SENADOR,PPS,1,0,1,0.0,1.0
230,2010,AL,SENADOR,PMDB,1,0,1,0.0,1.0
231,2014,AL,DEPUTADO ESTADUAL,PSOL,7,3,10,0.3,0.7
232,2014,AL,DEPUTADO ESTADUAL,PPS,13,8,21,0.38095238095238093,0.6190476190476191
233,2014,AL,DEPUTADO ESTADUAL,PSD,4,2,6,0.3333333333333333,0.6666666666666666
234,2014,AL,DEPUTADO ESTADUAL,PT,18,8,26,0.3076923076923077,0.6923076923076923
235,2014,AL,DEPUTADO ESTADUAL,PTB,13,4,17,0.23529411764705882,0.7647058823529411
236,2014,AL,DEPUTADO ESTADUAL,PHS,12,7,19,0.3684210526315789,0.631578947368421
237,2014,AL,DEPUTADO ESTADUAL,PTC,9,4,13,0.3076923076923077,0.6923076923076923
238,2014,AL,DEPUTADO ESTADUAL,PMDB,17,6,23,0.2608695652173913,0.7391304347826086
239,2014,AL,DEPUTADO ESTADUAL,PT do B,6,3,9,0.3333333333333333,0.6666666666666666
240,2014,AL,DEPUTADO ESTADUAL,PP,6,8,14,0.5714285714285714,0.42857142857142855
241,2014,AL,DEPUTADO ESTADUAL,DEM,5,1,6,0.16666666666666666,0.8333333333333334
242,2014,AL,DEPUTADO ESTADUAL,SD,7,2,9,0.2222222222222222,0.7777777777777778
243,2014,AL,DEPUTADO ESTADUAL,PDT,11,6,17,0.35294117647058826,0.6470588235294118
244,2014,AL,DEPUTADO ESTADUAL,PROS,7,2,9,0.2222222222222222,0.7777777777777778
245,2014,AL,DEPUTADO ESTADUAL,PRTB,18,10,28,0.35714285714285715,0.6428571428571429
246,2014,AL,DEPUTADO ESTADUAL,PRB,9,4,13,0.3076923076923077,0.6923076923076923
247,2014,AL,DEPUTADO ESTADUAL,PSB,14,2,16,0.125,0.875
248,2014,AL,DEPUTADO ESTADUAL,PSDB,14,8,22,0.36363636363636365,0.6363636363636364
249,2014,AL,DEPUTADO ESTADUAL,PPL,6,2,8,0.25,0.75
250,2014,AL,DEPUTADO ESTADUAL,PR,2,0,2,0.0,1.0
251,2014,AL,DEPUTADO ESTADUAL,PMN,3,2,5,0.4,0.6
252,2014,AL,DEPUTADO ESTADUAL,PV,5,2,7,0.2857142857142857,0.7142857142857143
253,2014,AL,DEPUTADO ESTADUAL,PSC,0,2,2,1.0,0.0
254,2014,AL,DEPUTADO ESTADUAL,PSDC,2,0,2,0.0,1.0
255,2014,AL,DEPUTADO ESTADUAL,PSTU,0,1,1,1.0,0.0
256,2014,AL,DEPUTADO ESTADUAL,PC do B,1,1,2,0.5,0.5
257,2014,AL,DEPUTADO FEDERAL,PPS,3,3,6,0.5,0.5
258,2014,AL,DEPUTADO FEDERAL,PMDB,9,4,13,0.3076923076923077,0.6923076923076923
259,2014,AL,DEPUTADO FEDERAL,PCB,1,0,1,0.0,1.0
260,2014,AL,DEPUTADO FEDERAL,PSOL,3,2,5,0.4,0.6
261,2014,AL,DEPUTADO FEDERAL,PSDB,9,5,14,0.35714285714285715,0.6428571428571429
262,2014,AL,DEPUTADO FEDERAL,PTC,3,2,5,0.4,0.6
263,2014,AL,DEPUTADO FEDERAL,PP,5,4,9,0.4444444444444444,0.5555555555555556
264,2014,AL,DEPUTADO FEDERAL,PRTB,14,5,19,0.2631578947368421,0.7368421052631579
265,2014,AL,DEPUTADO FEDERAL,PMN,2,2,4,0.5,0.5
266,2014,AL,DEPUTADO FEDERAL,PRB,7,4,11,0.36363636363636365,0.6363636363636364
267,2014,AL,DEPUTADO FEDERAL,SD,2,0,2,0.0,1.0
268,2014,AL,DEPUTADO FEDERAL,PSDC,2,0,2,0.0,1.0
269,2014,AL,DEPUTADO FEDERAL,DEM,4,0,4,0.0,1.0
270,2014,AL,DEPUTADO FEDERAL,PSC,1,0,1,0.0,1.0
271,2014,AL,DEPUTADO FEDERAL,PSD,2,0,2,0.0,1.0
272,2014,AL,DEPUTADO FEDERAL,PROS,1,0,1,0.0,1.0
273,2014,AL,DEPUTADO FEDERAL,PTB,2,0,2,0.0,1.0
274,2014,AL,DEPUTADO FEDERAL,PT do B,0,2,2,1.0,0.0
275,2014,AL,DEPUTADO FEDERAL,PDT,1,1,2,0.5,0.5
276,2014,AL,DEPUTADO FEDERAL,PEN,1,1,2,0.5,0.5
277,2014,AL,DEPUTADO FEDERAL,PSB,2,2,4,0.5,0.5
278,2014,AL,DEPUTADO FEDERAL,PSTU,1,0,1,0.0,1.0
279,2014,AL,DEPUTADO FEDERAL,PPL,1,0,1,0.0,1.0
280,2014,AL,DEPUTADO FEDERAL,PR,1,1,2,0.5,0.5
281,2014,AL,DEPUTADO FEDERAL,PV,1,2,3,0.6666666666666666,0.3333333333333333
282,2014,AL,DEPUTADO FEDERAL,PHS,1,0,1,0.0,1.0
283,2014,AL,DEPUTADO FEDERAL,PTN,1,0,1,0.0,1.0
284,2014,AL,DEPUTADO FEDERAL,PRP,1,0,1,0.0,1.0
285,2014,AL,DEPUTADO FEDERAL,PT,1,0,1,0.0,1.0
286,2014,AL,SENADOR,PTN,1,0,1,0.0,1.0
287,2014,AL,SENADOR,PTC,1,0,1,0.0,1.0
288,2014,AL,SENADOR,PTB,1,0,1,0.0,1.0
289,2014,AL,SENADOR,PSOL,0,1,1,1.0,0.0
290,2014,AL,SENADOR,PSDB,1,0,1,0.0,1.0
291,2014,AL,SENADOR,DEM,1,0,1,0.0,1.0
292,2014,AL,SENADOR,PEN,1,0,1,0.0,1.0
293,2014,AL,SENADOR,PRTB,1,0,1,0.0,1.0
294,2018,AL,DEPUTADO ESTADUAL,PATRI,13,2,15,0.13333333333333333,0.8666666666666667
295,2018,AL,DEPUTADO ESTADUAL,AVANTE,18,9,27,0.3333333333333333,0.6666666666666666
296,2018,AL,DEPUTADO ESTADUAL,PSDB,2,4,6,0.6666666666666666,0.3333333333333333
297,2018,AL,DEPUTADO ESTADUAL,PT,23,9,32,0.28125,0.71875
298,2018,AL,DEPUTADO ESTADUAL,PP,6,2,8,0.25,0.75
299,2018,AL,DEPUTADO ESTADUAL,PSTU,1,0,1,0.0,1.0
300,2018,AL,DEPUTADO ESTADUAL,PSL,14,8,22,0.36363636363636365,0.6363636363636364
301,2018,AL,DEPUTADO ESTADUAL,PPS,10,5,15,0.3333333333333333,0.6666666666666666
302,2018,AL,DEPUTADO ESTADUAL,MDB,12,9,21,0.42857142857142855,0.5714285714285714
303,2018,AL,DEPUTADO ESTADUAL,DEM,5,2,7,0.2857142857142857,0.7142857142857143
304,2018,AL,DEPUTADO ESTADUAL,PROS,6,1,7,0.14285714285714285,0.8571428571428571
305,2018,AL,DEPUTADO ESTADUAL,PV,8,5,13,0.38461538461538464,0.6153846153846154
306,2018,AL,DEPUTADO ESTADUAL,PDT,9,3,12,0.25,0.75
307,2018,AL,DEPUTADO ESTADUAL,REDE,2,2,4,0.5,0.5
308,2018,AL,DEPUTADO ESTADUAL,PC do B,6,2,8,0.25,0.75
309,2018,AL,DEPUTADO ESTADUAL,PRTB,18,9,27,0.3333333333333333,0.6666666666666666
310,2018,AL,DEPUTADO ESTADUAL,PRB,2,0,2,0.0,1.0
311,2018,AL,DEPUTADO ESTADUAL,PPL,8,6,14,0.42857142857142855,0.5714285714285714
312,2018,AL,DEPUTADO ESTADUAL,PHS,7,3,10,0.3,0.7
313,2018,AL,DEPUTADO ESTADUAL,SOLIDARIEDADE,3,0,3,0.0,1.0
314,2018,AL,DEPUTADO ESTADUAL,PSD,5,1,6,0.16666666666666666,0.8333333333333334
315,2018,AL,DEPUTADO ESTADUAL,PSOL,24,11,35,0.3142857142857143,0.6857142857142857
316,2018,AL,DEPUTADO ESTADUAL,PTC,4,5,9,0.5555555555555556,0.4444444444444444
317,2018,AL,DEPUTADO ESTADUAL,DC,2,0,2,0.0,1.0
318,2018,AL,DEPUTADO ESTADUAL,PODE,3,1,4,0.25,0.75
319,2018,AL,DEPUTADO ESTADUAL,PSC,1,1,2,0.5,0.5
320,2018,AL,DEPUTADO ESTADUAL,PTB,2,1,3,0.3333333333333333,0.6666666666666666
321,2018,AL,DEPUTADO ESTADUAL,PSB,7,2,9,0.2222222222222222,0.7777777777777778
322,2018,AL,DEPUTADO ESTADUAL,PCB,0,1,1,1.0,0.0
323,2018,AL,DEPUTADO ESTADUAL,PMN,4,2,6,0.3333333333333333,0.6666666666666666
324,2018,AL,DEPUTADO ESTADUAL,PR,1,0,1,0.0,1.0
325,2018,AL,DEPUTADO FEDERAL,AVANTE,1,0,1,0.0,1.0
326,2018,AL,DEPUTADO FEDERAL,NOVO,2,1,3,0.3333333333333333,0.6666666666666666
327,2018,AL,DEPUTADO FEDERAL,MDB,1,2,3,0.6666666666666666,0.3333333333333333
328,2018,AL,DEPUTADO FEDERAL,PC do B,3,1,4,0.25,0.75
329,2018,AL,DEPUTADO FEDERAL,PP,3,2,5,0.4,0.6
330,2018,AL,DEPUTADO FEDERAL,PSL,8,3,11,0.2727272727272727,0.7272727272727273
331,2018,AL,DEPUTADO FEDERAL,PRB,1,0,1,0.0,1.0
332,2018,AL,DEPUTADO FEDERAL,PSC,1,1,2,0.5,0.5
333,2018,AL,DEPUTADO FEDERAL,PODE,1,0,1,0.0,1.0
334,2018,AL,DEPUTADO FEDERAL,PATRI,3,1,4,0.25,0.75
335,2018,AL,DEPUTADO FEDERAL,SOLIDARIEDADE,1,1,2,0.5,0.5
336,2018,AL,DEPUTADO FEDERAL,PHS,5,2,7,0.2857142857142857,0.7142857142857143
337,2018,AL,DEPUTADO FEDERAL,PSOL,1,1,2,0.5,0.5
338,2018,AL,DEPUTADO FEDERAL,PR,1,0,1,0.0,1.0
339,2018,AL,DEPUTADO FEDERAL,PSDB,2,1,3,0.3333333333333333,0.6666666666666666
340,2018,AL,DEPUTADO FEDERAL,PTC,2,0,2,0.0,1.0
341,2018,AL,DEPUTADO FEDERAL,PSD,1,1,2,0.5,0.5
342,2018,AL,DEPUTADO FEDERAL,PPL,2,2,4,0.5,0.5
343,2018,AL,DEPUTADO FEDERAL,PTB,1,1,2,0.5,0.5
344,2018,AL,DEPUTADO FEDERAL,PSTU,1,0,1,0.0,1.0
345,2018,AL,DEPUTADO FEDERAL,PSB,2,0,2,0.0,1.0
346,2018,AL,DEPUTADO FEDERAL,DEM,0,2,2,1.0,0.0
347,2018,AL,DEPUTADO FEDERAL,PDT,2,0,2,0.0,1.0
348,2018,AL,DEPUTADO FEDERAL,PMN,0,1,1,1.0,0.0
349,2018,AL,DEPUTADO FEDERAL,PV,1,1,2,0.5,0.5
350,2018,AL,DEPUTADO FEDERAL,PRTB,3,1,4,0.25,0.75
351,2018,AL,DEPUTADO FEDERAL,PPS,1,0,1,0.0,1.0
352,2018,AL,DEPUTADO FEDERAL,PROS,1,0,1,0.0,1.0
353,2018,AL,DEPUTADO FEDERAL,PT,1,0,1,0.0,1.0
354,2018,AL,DEPUTADO FEDERAL,PCO,0,1,1,1.0,0.0
355,2018,AL,DEPUTADO FEDERAL,DC,1,1,2,0.5,0.5
356,2018,AL,DEPUTADO FEDERAL,REDE,0,1,1,1.0,0.0
357,2018,AL,DEPUTADO FEDERAL,PCB,1,0,1,0.0,1.0
358,2018,AL,SENADOR,PP,1,0,1,0.0,1.0
359,2018,AL,SENADOR,MDB,1,0,1,0.0,1.0
360,2018,AL,SENADOR,PCB,1,0,1,0.0,1.0
361,2018,AL,SENADOR,PSDB,1,0,1,0.0,1.0
362,2018,AL,SENADOR,PR,1,0,1,0.0,1.0
363,2018,AL,SENADOR,PCO,0,1,1,1.0,0.0
364,2018,AL,SENADOR,PSL,1,0,1,0.0,1.0
365,2018,AL,SENADOR,PATRI,1,0,1,0.0,1.0
366,2018,AL,SENADOR,PSOL,1,0,1,0.0,1.0
367,2010,AP,DEPUTADO ESTADUAL,PTB,42,14,56,0.25,0.75
368,2010,AP,DEPUTADO ESTADUAL,PRTB,18,7,25,0.28,0.72
369,2010,AP,DEPUTADO ESTADUAL,PT do B,8,1,9,0.1111111111111111,0.8888888888888888
370,2010,AP,DEPUTADO ESTADUAL,PSB,11,13,24,0.5416666666666666,0.4583333333333333
371,2010,AP,DEPUTADO ESTADUAL,PSDB,11,8,19,0.42105263157894735,0.5789473684210527
372,2010,AP,DEPUTADO ESTADUAL,PP,19,5,24,0.20833333333333334,0.7916666666666666
373,2010,AP,DEPUTADO ESTADUAL,PSTU,1,1,2,0.5,0.5
374,2010,AP,DEPUTADO ESTADUAL,PT,14,1,15,0.06666666666666667,0.9333333333333333
375,2010,AP,DEPUTADO ESTADUAL,PDT,14,6,20,0.3,0.7
376,2010,AP,DEPUTADO ESTADUAL,PTN,6,2,8,0.25,0.75
377,2010,AP,DEPUTADO ESTADUAL,PSC,12,5,17,0.29411764705882354,0.7058823529411765
378,2010,AP,DEPUTADO ESTADUAL,PRP,12,4,16,0.25,0.75
379,2010,AP,DEPUTADO ESTADUAL,DEM,16,4,20,0.2,0.8
380,2010,AP,DEPUTADO ESTADUAL,PHS,1,1,2,0.5,0.5
381,2010,AP,DEPUTADO ESTADUAL,PMDB,7,1,8,0.125,0.875
382,2010,AP,DEPUTADO ESTADUAL,PPS,5,1,6,0.16666666666666666,0.8333333333333334
383,2010,AP,DEPUTADO ESTADUAL,PRB,4,1,5,0.2,0.8
384,2010,AP,DEPUTADO ESTADUAL,PV,8,1,9,0.1111111111111111,0.8888888888888888
385,2010,AP,DEPUTADO ESTADUAL,PMN,8,0,8,0.0,1.0
386,2010,AP,DEPUTADO ESTADUAL,PSOL,9,6,15,0.4,0.6
387,2010,AP,DEPUTADO ESTADUAL,PR,5,2,7,0.2857142857142857,0.7142857142857143
388,2010,AP,DEPUTADO ESTADUAL,PCB,2,8,10,0.8,0.2
389,2010,AP,DEPUTADO ESTADUAL,PC do B,6,0,6,0.0,1.0
390,2010,AP,DEPUTADO ESTADUAL,PSDC,6,0,6,0.0,1.0
391,2010,AP,DEPUTADO ESTADUAL,PSL,1,0,1,0.0,1.0
392,2010,AP,DEPUTADO FEDERAL,PPS,1,1,2,0.5,0.5
393,2010,AP,DEPUTADO FEDERAL,PDT,5,2,7,0.2857142857142857,0.7142857142857143
394,2010,AP,DEPUTADO FEDERAL,PSC,4,1,5,0.2,0.8
395,2010,AP,DEPUTADO FEDERAL,PRTB,4,0,4,0.0,1.0
396,2010,AP,DEPUTADO FEDERAL,PTB,18,4,22,0.18181818181818182,0.8181818181818182
397,2010,AP,DEPUTADO FEDERAL,PSB,5,2,7,0.2857142857142857,0.7142857142857143
398,2010,AP,DEPUTADO FEDERAL,PTC,2,4,6,0.6666666666666666,0.3333333333333333
399,2010,AP,DEPUTADO FEDERAL,PV,1,1,2,0.5,0.5
400,2010,AP,DEPUTADO FEDERAL,PSOL,2,0,2,0.0,1.0
401,2010,AP,DEPUTADO FEDERAL,DEM,4,1,5,0.2,0.8
402,2010,AP,DEPUTADO FEDERAL,PRB,1,0,1,0.0,1.0
403,2010,AP,DEPUTADO FEDERAL,PHS,1,0,1,0.0,1.0
404,2010,AP,DEPUTADO FEDERAL,PTN,1,0,1,0.0,1.0
405,2010,AP,DEPUTADO FEDERAL,PT,2,2,4,0.5,0.5
406,2010,AP,DEPUTADO FEDERAL,PP,4,1,5,0.2,0.8
407,2010,AP,DEPUTADO FEDERAL,PC do B,1,0,1,0.0,1.0
408,2010,AP,DEPUTADO FEDERAL,PMDB,2,1,3,0.3333333333333333,0.6666666666666666
409,2010,AP,DEPUTADO FEDERAL,PSDB,4,1,5,0.2,0.8
410,2010,AP,DEPUTADO FEDERAL,PRP,2,6,8,0.75,0.25
411,2010,AP,DEPUTADO FEDERAL,PMN,6,0,6,0.0,1.0
412,2010,AP,DEPUTADO FEDERAL,PSTU,1,0,1,0.0,1.0
413,2010,AP,DEPUTADO FEDERAL,PR,0,2,2,1.0,0.0
414,2010,AP,DEPUTADO FEDERAL,PCB,2,0,2,0.0,1.0
415,2010,AP,SENADOR,PDT,1,0,1,0.0,1.0
416,2010,AP,SENADOR,PC do B,1,0,1,0.0,1.0
417,2010,AP,SENADOR,PSTU,1,0,1,0.0,1.0
418,2010,AP,SENADOR,PMDB,1,0,1,0.0,1.0
419,2010,AP,SENADOR,PSB,1,0,1,0.0,1.0
420,2010,AP,SENADOR,PSDB,1,0,1,0.0,1.0
421,2010,AP,SENADOR,PT,1,0,1,0.0,1.0
422,2010,AP,SENADOR,PSOL,2,0,2,0.0,1.0
423,2014,AP,DEPUTADO ESTADUAL,PSD,13,5,18,0.2777777777777778,0.7222222222222222
424,2014,AP,DEPUTADO ESTADUAL,PV,8,3,11,0.2727272727272727,0.7272727272727273
425,2014,AP,DEPUTADO ESTADUAL,PROS,5,4,9,0.4444444444444444,0.5555555555555556
426,2014,AP,DEPUTADO ESTADUAL,PSC,25,11,36,0.3055555555555556,0.6944444444444444
427,2014,AP,DEPUTADO ESTADUAL,PRP,14,6,20,0.3,0.7
428,2014,AP,DEPUTADO ESTADUAL,PP,4,2,6,0.3333333333333333,0.6666666666666666
429,2014,AP,DEPUTADO ESTADUAL,PTN,11,4,15,0.26666666666666666,0.7333333333333333
430,2014,AP,DEPUTADO ESTADUAL,DEM,6,3,9,0.3333333333333333,0.6666666666666666
431,2014,AP,DEPUTADO ESTADUAL,PT do B,16,8,24,0.3333333333333333,0.6666666666666666
432,2014,AP,DEPUTADO ESTADUAL,PSDC,7,2,9,0.2222222222222222,0.7777777777777778
433,2014,AP,DEPUTADO ESTADUAL,PC do B,5,2,7,0.2857142857142857,0.7142857142857143
434,2014,AP,DEPUTADO ESTADUAL,PRB,16,4,20,0.2,0.8
435,2014,AP,DEPUTADO ESTADUAL,PDT,8,7,15,0.4666666666666667,0.5333333333333333
436,2014,AP,DEPUTADO ESTADUAL,PMDB,8,0,8,0.0,1.0
437,2014,AP,DEPUTADO ESTADUAL,PPL,3,4,7,0.5714285714285714,0.42857142857142855
438,2014,AP,DEPUTADO ESTADUAL,PMN,2,1,3,0.3333333333333333,0.6666666666666666
439,2014,AP,DEPUTADO ESTADUAL,PT,9,4,13,0.3076923076923077,0.6923076923076923
440,2014,AP,DEPUTADO ESTADUAL,PRTB,12,4,16,0.25,0.75
441,2014,AP,DEPUTADO ESTADUAL,PSOL,20,10,30,0.3333333333333333,0.6666666666666666
442,2014,AP,DEPUTADO ESTADUAL,PSB,14,6,20,0.3,0.7
443,2014,AP,DEPUTADO ESTADUAL,PPS,10,5,15,0.3333333333333333,0.6666666666666666
444,2014,AP,DEPUTADO ESTADUAL,PR,16,9,25,0.36,0.64
445,2014,AP,DEPUTADO ESTADUAL,PEN,7,3,10,0.3,0.7
446,2014,AP,DEPUTADO ESTADUAL,PHS,5,3,8,0.375,0.625
447,2014,AP,DEPUTADO ESTADUAL,PTC,5,0,5,0.0,1.0
448,2014,AP,DEPUTADO ESTADUAL,PTB,4,1,5,0.2,0.8
449,2014,AP,DEPUTADO ESTADUAL,PSTU,1,1,2,0.5,0.5
450,2014,AP,DEPUTADO ESTADUAL,PSDB,8,4,12,0.3333333333333333,0.6666666666666666
451,2014,AP,DEPUTADO ESTADUAL,SD,4,1,5,0.2,0.8
452,2014,AP,DEPUTADO FEDERAL,PRTB,4,0,4,0.0,1.0
453,2014,AP,DEPUTADO FEDERAL,PSB,1,1,2,0.5,0.5
454,2014,AP,DEPUTADO FEDERAL,PROS,4,0,4,0.0,1.0
455,2014,AP,DEPUTADO FEDERAL,PV,2,1,3,0.3333333333333333,0.6666666666666666
456,2014,AP,DEPUTADO FEDERAL,PMDB,3,2,5,0.4,0.6
457,2014,AP,DEPUTADO FEDERAL,PPS,2,0,2,0.0,1.0
458,2014,AP,DEPUTADO FEDERAL,PMN,1,1,2,0.5,0.5
459,2014,AP,DEPUTADO FEDERAL,PSOL,9,3,12,0.25,0.75
460,2014,AP,DEPUTADO FEDERAL,PSTU,1,1,2,0.5,0.5
461,2014,AP,DEPUTADO FEDERAL,PSDB,4,2,6,0.3333333333333333,0.6666666666666666
462,2014,AP,DEPUTADO FEDERAL,PC do B,2,2,4,0.5,0.5
463,2014,AP,DEPUTADO FEDERAL,PEN,2,2,4,0.5,0.5
464,2014,AP,DEPUTADO FEDERAL,PRP,1,0,1,0.0,1.0
465,2014,AP,DEPUTADO FEDERAL,PT do B,2,0,2,0.0,1.0
466,2014,AP,DEPUTADO FEDERAL,PSDC,3,4,7,0.5714285714285714,0.42857142857142855
467,2014,AP,DEPUTADO FEDERAL,PSC,4,4,8,0.5,0.5
468,2014,AP,DEPUTADO FEDERAL,PTB,1,2,3,0.6666666666666666,0.3333333333333333
469,2014,AP,DEPUTADO FEDERAL,PT,3,2,5,0.4,0.6
470,2014,AP,DEPUTADO FEDERAL,PDT,5,5,10,0.5,0.5
471,2014,AP,DEPUTADO FEDERAL,PRB,1,0,1,0.0,1.0
472,2014,AP,DEPUTADO FEDERAL,PSD,5,3,8,0.375,0.625
473,2014,AP,DEPUTADO FEDERAL,PP,2,2,4,0.5,0.5
474,2014,AP,DEPUTADO FEDERAL,SD,3,1,4,0.25,0.75
475,2014,AP,DEPUTADO FEDERAL,PR,2,0,2,0.0,1.0
476,2014,AP,DEPUTADO FEDERAL,PPL,2,1,3,0.3333333333333333,0.6666666666666666
477,2014,AP,DEPUTADO FEDERAL,DEM,4,1,5,0.2,0.8
478,2014,AP,DEPUTADO FEDERAL,PHS,0,1,1,1.0,0.0
479,2014,AP,DEPUTADO FEDERAL,PTC,1,0,1,0.0,1.0
480,2014,AP,SENADOR,PTC,0,1,1,1.0,0.0
481,2014,AP,SENADOR,PRTB,1,0,1,0.0,1.0
482,2014,AP,SENADOR,PMDB,1,0,1,0.0,1.0
483,2014,AP,SENADOR,PEN,1,0,1,0.0,1.0
484,2014,AP,SENADOR,PCB,1,0,1,0.0,1.0
485,2014,AP,SENADOR,PT,0,1,1,1.0,0.0
486,2014,AP,SENADOR,PMN,0,1,1,1.0,0.0
487,2014,AP,SENADOR,DEM,1,0,1,0.0,1.0
488,2014,AP,SENADOR,PSTU,1,0,1,0.0,1.0
489,2014,AP,SENADOR,PRP,1,0,1,0.0,1.0
490,2018,AP,DEPUTADO ESTADUAL,DEM,11,7,18,0.3888888888888889,0.6111111111111112
491,2018,AP,DEPUTADO ESTADUAL,MDB,5,2,7,0.2857142857142857,0.7142857142857143
492,2018,AP,DEPUTADO ESTADUAL,DC,3,1,4,0.25,0.75
493,2018,AP,DEPUTADO ESTADUAL,PDT,8,8,16,0.5,0.5
494,2018,AP,DEPUTADO ESTADUAL,PC do B,6,2,8,0.25,0.75
495,2018,AP,DEPUTADO ESTADUAL,PSB,22,10,32,0.3125,0.6875
496,2018,AP,DEPUTADO ESTADUAL,PRB,5,4,9,0.4444444444444444,0.5555555555555556
497,2018,AP,DEPUTADO ESTADUAL,SOLIDARIEDADE,5,4,9,0.4444444444444444,0.5555555555555556
498,2018,AP,DEPUTADO ESTADUAL,PT,13,8,21,0.38095238095238093,0.6190476190476191
499,2018,AP,DEPUTADO ESTADUAL,PSOL,9,3,12,0.25,0.75
500,2018,AP,DEPUTADO ESTADUAL,REDE,19,9,28,0.32142857142857145,0.6785714285714286
501,2018,AP,DEPUTADO ESTADUAL,PPS,8,5,13,0.38461538461538464,0.6153846153846154
502,2018,AP,DEPUTADO ESTADUAL,PP,18,9,27,0.3333333333333333,0.6666666666666666
503,2018,AP,DEPUTADO ESTADUAL,PODE,18,10,28,0.35714285714285715,0.6428571428571429
504,2018,AP,DEPUTADO ESTADUAL,PPL,5,2,7,0.2857142857142857,0.7142857142857143
505,2018,AP,DEPUTADO ESTADUAL,PR,27,10,37,0.2702702702702703,0.7297297297297297
506,2018,AP,DEPUTADO ESTADUAL,PTC,26,12,38,0.3157894736842105,0.6842105263157895
507,2018,AP,DEPUTADO ESTADUAL,PSL,6,1,7,0.14285714285714285,0.8571428571428571
508,2018,AP,DEPUTADO ESTADUAL,PSC,23,11,34,0.3235294117647059,0.6764705882352942
509,2018,AP,DEPUTADO ESTADUAL,PV,17,7,24,0.2916666666666667,0.7083333333333334
510,2018,AP,DEPUTADO ESTADUAL,PSDB,10,6,16,0.375,0.625
511,2018,AP,DEPUTADO ESTADUAL,PSD,6,4,10,0.4,0.6
512,2018,AP,DEPUTADO ESTADUAL,PMN,2,2,4,0.5,0.5
513,2018,AP,DEPUTADO ESTADUAL,PHS,7,6,13,0.46153846153846156,0.5384615384615384
514,2018,AP,DEPUTADO ESTADUAL,PRP,15,8,23,0.34782608695652173,0.6521739130434783
515,2018,AP,DEPUTADO ESTADUAL,AVANTE,5,1,6,0.16666666666666666,0.8333333333333334
516,2018,AP,DEPUTADO ESTADUAL,PROS,11,5,16,0.3125,0.6875
517,2018,AP,DEPUTADO ESTADUAL,PMB,6,5,11,0.45454545454545453,0.5454545454545454
518,2018,AP,DEPUTADO ESTADUAL,PTB,5,2,7,0.2857142857142857,0.7142857142857143
519,2018,AP,DEPUTADO ESTADUAL,PATRI,6,0,6,0.0,1.0
520,2018,AP,DEPUTADO ESTADUAL,PSTU,1,1,2,0.5,0.5
521,2018,AP,DEPUTADO FEDERAL,MDB,3,2,5,0.4,0.6
522,2018,AP,DEPUTADO FEDERAL,PSL,1,0,1,0.0,1.0
523,2018,AP,DEPUTADO FEDERAL,PR,6,2,8,0.25,0.75
524,2018,AP,DEPUTADO FEDERAL,SOLIDARIEDADE,2,1,3,0.3333333333333333,0.6666666666666666
525,2018,AP,DEPUTADO FEDERAL,PDT,6,2,8,0.25,0.75
526,2018,AP,DEPUTADO FEDERAL,PHS,3,4,7,0.5714285714285714,0.42857142857142855
527,2018,AP,DEPUTADO FEDERAL,PTC,4,1,5,0.2,0.8
528,2018,AP,DEPUTADO FEDERAL,PSOL,4,3,7,0.42857142857142855,0.5714285714285714
529,2018,AP,DEPUTADO FEDERAL,PT,3,5,8,0.625,0.375
530,2018,AP,DEPUTADO FEDERAL,PSB,8,3,11,0.2727272727272727,0.7272727272727273
531,2018,AP,DEPUTADO FEDERAL,PSDB,1,1,2,0.5,0.5
532,2018,AP,DEPUTADO FEDERAL,AVANTE,1,1,2,0.5,0.5
533,2018,AP,DEPUTADO FEDERAL,REDE,6,1,7,0.14285714285714285,0.8571428571428571
534,2018,AP,DEPUTADO FEDERAL,DEM,4,1,5,0.2,0.8
535,2018,AP,DEPUTADO FEDERAL,PROS,2,0,2,0.0,1.0
536,2018,AP,DEPUTADO FEDERAL,PRB,0,1,1,1.0,0.0
537,2018,AP,DEPUTADO FEDERAL,PV,5,1,6,0.16666666666666666,0.8333333333333334
538,2018,AP,DEPUTADO FEDERAL,PSC,2,1,3,0.3333333333333333,0.6666666666666666
539,2018,AP,DEPUTADO FEDERAL,PTB,6,1,7,0.14285714285714285,0.8571428571428571
540,2018,AP,DEPUTADO FEDERAL,PPL,2,1,3,0.3333333333333333,0.6666666666666666
541,2018,AP,DEPUTADO FEDERAL,PMN,3,1,4,0.25,0.75
542,2018,AP,DEPUTADO FEDERAL,PP,1,1,2,0.5,0.5
543,2018,AP,DEPUTADO FEDERAL,PSD,2,1,3,0.3333333333333333,0.6666666666666666
544,2018,AP,DEPUTADO FEDERAL,PATRI,1,0,1,0.0,1.0
545,2018,AP,DEPUTADO FEDERAL,PSTU,1,1,2,0.5,0.5
546,2018,AP,DEPUTADO FEDERAL,PPS,1,0,1,0.0,1.0
547,2018,AP,DEPUTADO FEDERAL,DC,0,1,1,1.0,0.0
548,2018,AP,DEPUTADO FEDERAL,PRP,1,1,2,0.5,0.5
549,2018,AP,DEPUTADO FEDERAL,PC do B,0,1,1,1.0,0.0
550,2018,AP,DEPUTADO FEDERAL,PODE,0,1,1,1.0,0.0
551,2018,AP,SENADOR,PMN,1,0,1,0.0,1.0
552,2018,AP,SENADOR,MDB,1,1,2,0.5,0.5
553,2018,AP,SENADOR,PTC,1,0,1,0.0,1.0
554,2018,AP,SENADOR,REDE,1,0,1,0.0,1.0
555,2018,AP,SENADOR,PSB,0,1,1,1.0,0.0
556,2018,AP,SENADOR,PCB,0,1,1,1.0,0.0
557,2018,AP,SENADOR,PSDB,1,0,1,0.0,1.0
558,2018,AP,SENADOR,PSL,1,0,1,0.0,1.0
559,2018,AP,SENADOR,PPS,1,0,1,0.0,1.0
560,2018,AP,SENADOR,PSTU,1,0,1,0.0,1.0
561,2018,AP,SENADOR,PTB,1,0,1,0.0,1.0
562,2010,AM,DEPUTADO ESTADUAL,PTN,36,15,51,0.29411764705882354,0.7058823529411765
563,2010,AM,DEPUTADO ESTADUAL,PDT,17,6,23,0.2608695652173913,0.7391304347826086
564,2010,AM,DEPUTADO ESTADUAL,PPS,13,4,17,0.23529411764705882,0.7647058823529411
565,2010,AM,DEPUTADO ESTADUAL,DEM,20,8,28,0.2857142857142857,0.7142857142857143
566,2010,AM,DEPUTADO ESTADUAL,PR,15,7,22,0.3181818181818182,0.6818181818181818
567,2010,AM,DEPUTADO ESTADUAL,PSDB,14,6,20,0.3,0.7
568,2010,AM,DEPUTADO ESTADUAL,PT,16,8,24,0.3333333333333333,0.6666666666666666
569,2010,AM,DEPUTADO ESTADUAL,PV,19,10,29,0.3448275862068966,0.6551724137931034
570,2010,AM,DEPUTADO ESTADUAL,PRP,19,4,23,0.17391304347826086,0.8260869565217391
571,2010,AM,DEPUTADO ESTADUAL,PMN,16,2,18,0.1111111111111111,0.8888888888888888
572,2010,AM,DEPUTADO ESTADUAL,PP,8,4,12,0.3333333333333333,0.6666666666666666
573,2010,AM,DEPUTADO ESTADUAL,PSB,8,4,12,0.3333333333333333,0.6666666666666666
574,2010,AM,DEPUTADO ESTADUAL,PC do B,28,12,40,0.3,0.7
575,2010,AM,DEPUTADO ESTADUAL,PMDB,12,12,24,0.5,0.5
576,2010,AM,DEPUTADO ESTADUAL,PT do B,3,1,4,0.25,0.75
577,2010,AM,DEPUTADO ESTADUAL,PSDC,4,3,7,0.42857142857142855,0.5714285714285714
578,2010,AM,DEPUTADO ESTADUAL,PRB,4,4,8,0.5,0.5
579,2010,AM,DEPUTADO ESTADUAL,PSL,13,5,18,0.2777777777777778,0.7222222222222222
580,2010,AM,DEPUTADO ESTADUAL,PSOL,4,0,4,0.0,1.0
581,2010,AM,DEPUTADO ESTADUAL,PTC,3,2,5,0.4,0.6
582,2010,AM,DEPUTADO ESTADUAL,PTB,8,8,16,0.5,0.5
583,2010,AM,DEPUTADO ESTADUAL,PRTB,3,0,3,0.0,1.0
584,2010,AM,DEPUTADO ESTADUAL,PHS,4,0,4,0.0,1.0
585,2010,AM,DEPUTADO ESTADUAL,PSC,4,0,4,0.0,1.0
586,2010,AM,DEPUTADO ESTADUAL,PSTU,0,1,1,1.0,0.0
587,2010,AM,DEPUTADO ESTADUAL,PCB,1,0,1,0.0,1.0
588,2010,AM,DEPUTADO FEDERAL,PSB,2,1,3,0.3333333333333333,0.6666666666666666
589,2010,AM,DEPUTADO FEDERAL,PT,1,1,2,0.5,0.5
590,2010,AM,DEPUTADO FEDERAL,PMDB,3,7,10,0.7,0.3
591,2010,AM,DEPUTADO FEDERAL,PT do B,3,2,5,0.4,0.6
592,2010,AM,DEPUTADO FEDERAL,PTB,3,0,3,0.0,1.0
593,2010,AM,DEPUTADO FEDERAL,PMN,3,0,3,0.0,1.0
594,2010,AM,DEPUTADO FEDERAL,PCB,1,0,1,0.0,1.0
595,2010,AM,DEPUTADO FEDERAL,PP,1,1,2,0.5,0.5
596,2010,AM,DEPUTADO FEDERAL,PSC,2,0,2,0.0,1.0
597,2010,AM,DEPUTADO FEDERAL,PR,3,0,3,0.0,1.0
598,2010,AM,DEPUTADO FEDERAL,DEM,2,1,3,0.3333333333333333,0.6666666666666666
599,2010,AM,DEPUTADO FEDERAL,PSDB,3,2,5,0.4,0.6
600,2010,AM,DEPUTADO FEDERAL,PRP,1,0,1,0.0,1.0
601,2010,AM,DEPUTADO FEDERAL,PHS,3,1,4,0.25,0.75
602,2010,AM,DEPUTADO FEDERAL,PV,5,3,8,0.375,0.625
603,2010,AM,DEPUTADO FEDERAL,PC do B,1,0,1,0.0,1.0
604,2010,AM,DEPUTADO FEDERAL,PSTU,1,0,1,0.0,1.0
605,2010,AM,DEPUTADO FEDERAL,PSOL,2,0,2,0.0,1.0
606,2010,AM,DEPUTADO FEDERAL,PRTB,1,0,1,0.0,1.0
607,2010,AM,DEPUTADO FEDERAL,PPS,2,1,3,0.3333333333333333,0.6666666666666666
608,2010,AM,DEPUTADO FEDERAL,PSL,3,1,4,0.25,0.75
609,2010,AM,DEPUTADO FEDERAL,PSDC,1,0,1,0.0,1.0
610,2010,AM,DEPUTADO FEDERAL,PDT,1,1,2,0.5,0.5
611,2010,AM,DEPUTADO FEDERAL,PRB,1,0,1,0.0,1.0
612,2010,AM,SENADOR,PSDB,1,0,1,0.0,1.0
613,2010,AM,SENADOR,PMDB,1,0,1,0.0,1.0
614,2010,AM,SENADOR,PSOL,2,0,2,0.0,1.0
615,2010,AM,SENADOR,PRB,1,0,1,0.0,1.0
616,2010,AM,SENADOR,PCB,1,0,1,0.0,1.0
617,2010,AM,SENADOR,PDT,1,0,1,0.0,1.0
618,2010,AM,SENADOR,PT,0,1,1,1.0,0.0
619,2010,AM,SENADOR,PSTU,1,0,1,0.0,1.0
620,2010,AM,SENADOR,PC do B,0,1,1,1.0,0.0
621,2014,AM,DEPUTADO ESTADUAL,DEM,22,15,37,0.40540540540540543,0.5945945945945946
622,2014,AM,DEPUTADO ESTADUAL,PSC,5,0,5,0.0,1.0
623,2014,AM,DEPUTADO ESTADUAL,PT do B,10,4,14,0.2857142857142857,0.7142857142857143
624,2014,AM,DEPUTADO ESTADUAL,PSD,8,2,10,0.2,0.8
625,2014,AM,DEPUTADO ESTADUAL,PROS,11,8,19,0.42105263157894735,0.5789473684210527
626,2014,AM,DEPUTADO ESTADUAL,PSDB,21,10,31,0.3225806451612903,0.6774193548387096
627,2014,AM,DEPUTADO ESTADUAL,PC do B,30,14,44,0.3181818181818182,0.6818181818181818
628,2014,AM,DEPUTADO ESTADUAL,PTC,15,3,18,0.16666666666666666,0.8333333333333334
629,2014,AM,DEPUTADO ESTADUAL,PTN,34,19,53,0.3584905660377358,0.6415094339622641
630,2014,AM,DEPUTADO ESTADUAL,PP,13,3,16,0.1875,0.8125
631,2014,AM,DEPUTADO ESTADUAL,PMDB,15,10,25,0.4,0.6
632,2014,AM,DEPUTADO ESTADUAL,PRB,5,4,9,0.4444444444444444,0.5555555555555556
633,2014,AM,DEPUTADO ESTADUAL,PT,10,3,13,0.23076923076923078,0.7692307692307693
634,2014,AM,DEPUTADO ESTADUAL,PPS,20,12,32,0.375,0.625
635,2014,AM,DEPUTADO ESTADUAL,PHS,16,6,22,0.2727272727272727,0.7272727272727273
636,2014,AM,DEPUTADO ESTADUAL,PV,32,18,50,0.36,0.64
637,2014,AM,DEPUTADO ESTADUAL,PSB,30,14,44,0.3181818181818182,0.6818181818181818
638,2014,AM,DEPUTADO ESTADUAL,PSDC,29,8,37,0.21621621621621623,0.7837837837837838
639,2014,AM,DEPUTADO ESTADUAL,PPL,8,9,17,0.5294117647058824,0.47058823529411764
640,2014,AM,DEPUTADO ESTADUAL,SD,3,2,5,0.4,0.6
641,2014,AM,DEPUTADO ESTADUAL,PR,10,5,15,0.3333333333333333,0.6666666666666666
642,2014,AM,DEPUTADO ESTADUAL,PCB,2,1,3,0.3333333333333333,0.6666666666666666
643,2014,AM,DEPUTADO ESTADUAL,PSOL,17,8,25,0.32,0.68
644,2014,AM,DEPUTADO ESTADUAL,PTB,9,2,11,0.18181818181818182,0.8181818181818182
645,2014,AM,DEPUTADO ESTADUAL,PDT,15,5,20,0.25,0.75
646,2014,AM,DEPUTADO ESTADUAL,PSL,12,3,15,0.2,0.8
647,2014,AM,DEPUTADO ESTADUAL,PSTU,2,1,3,0.3333333333333333,0.6666666666666666
648,2014,AM,DEPUTADO ESTADUAL,PMN,12,6,18,0.3333333333333333,0.6666666666666666
649,2014,AM,DEPUTADO ESTADUAL,PRP,12,5,17,0.29411764705882354,0.7058823529411765
650,2014,AM,DEPUTADO ESTADUAL,PEN,7,0,7,0.0,1.0
651,2014,AM,DEPUTADO ESTADUAL,PRTB,2,0,2,0.0,1.0
652,2014,AM,DEPUTADO FEDERAL,PHS,2,1,3,0.3333333333333333,0.6666666666666666
653,2014,AM,DEPUTADO FEDERAL,PV,1,1,2,0.5,0.5
654,2014,AM,DEPUTADO FEDERAL,PT,4,3,7,0.42857142857142855,0.5714285714285714
655,2014,AM,DEPUTADO FEDERAL,PMDB,3,1,4,0.25,0.75
656,2014,AM,DEPUTADO FEDERAL,PDT,4,0,4,0.0,1.0
657,2014,AM,DEPUTADO FEDERAL,PSB,3,2,5,0.4,0.6
658,2014,AM,DEPUTADO FEDERAL,PRP,10,4,14,0.2857142857142857,0.7142857142857143
659,2014,AM,DEPUTADO FEDERAL,PSD,4,1,5,0.2,0.8
660,2014,AM,DEPUTADO FEDERAL,PMN,2,1,3,0.3333333333333333,0.6666666666666666
661,2014,AM,DEPUTADO FEDERAL,PTN,1,1,2,0.5,0.5
662,2014,AM,DEPUTADO FEDERAL,DEM,1,0,1,0.0,1.0
663,2014,AM,DEPUTADO FEDERAL,PROS,1,1,2,0.5,0.5
664,2014,AM,DEPUTADO FEDERAL,PSOL,5,3,8,0.375,0.625
665,2014,AM,DEPUTADO FEDERAL,PT do B,0,1,1,1.0,0.0
666,2014,AM,DEPUTADO FEDERAL,PSC,0,1,1,1.0,0.0
667,2014,AM,DEPUTADO FEDERAL,PRB,1,3,4,0.75,0.25
668,2014,AM,DEPUTADO FEDERAL,PPS,1,0,1,0.0,1.0
669,2014,AM,DEPUTADO FEDERAL,PCB,1,1,2,0.5,0.5
670,2014,AM,DEPUTADO FEDERAL,PR,1,1,2,0.5,0.5
671,2014,AM,DEPUTADO FEDERAL,PTC,2,0,2,0.0,1.0
672,2014,AM,DEPUTADO FEDERAL,PTB,1,0,1,0.0,1.0
673,2014,AM,DEPUTADO FEDERAL,SD,0,1,1,1.0,0.0
674,2014,AM,DEPUTADO FEDERAL,PSL,1,0,1,0.0,1.0
675,2014,AM,DEPUTADO FEDERAL,PP,0,1,1,1.0,0.0
676,2014,AM,DEPUTADO FEDERAL,PSDB,1,0,1,0.0,1.0
677,2014,AM,DEPUTADO FEDERAL,PC do B,1,0,1,0.0,1.0
678,2014,AM,DEPUTADO FEDERAL,PSTU,1,1,2,0.5,0.5
679,2014,AM,DEPUTADO FEDERAL,PEN,1,0,1,0.0,1.0
680,2014,AM,DEPUTADO FEDERAL,PSDC,1,0,1,0.0,1.0
681,2014,AM,SENADOR,PSB,1,0,1,0.0,1.0
682,2014,AM,SENADOR,PT,1,0,1,0.0,1.0
683,2014,AM,SENADOR,PSTU,1,0,1,0.0,1.0
684,2014,AM,SENADOR,PMN,1,0,1,0.0,1.0
685,2014,AM,SENADOR,PSOL,1,0,1,0.0,1.0
686,2014,AM,SENADOR,PSD,1,0,1,0.0,1.0
687,2018,AM,DEPUTADO ESTADUAL,PHS,19,6,25,0.24,0.76
688,2018,AM,DEPUTADO ESTADUAL,PT,17,7,24,0.2916666666666667,0.7083333333333334
689,2018,AM,DEPUTADO ESTADUAL,PSL,15,5,20,0.25,0.75
690,2018,AM,DEPUTADO ESTADUAL,AVANTE,18,7,25,0.28,0.72
691,2018,AM,DEPUTADO ESTADUAL,PV,30,15,45,0.3333333333333333,0.6666666666666666
692,2018,AM,DEPUTADO ESTADUAL,REDE,12,5,17,0.29411764705882354,0.7058823529411765
693,2018,AM,DEPUTADO ESTADUAL,DEM,12,5,17,0.29411764705882354,0.7058823529411765
694,2018,AM,DEPUTADO ESTADUAL,PATRI,31,14,45,0.3111111111111111,0.6888888888888889
695,2018,AM,DEPUTADO ESTADUAL,PTB,1,4,5,0.8,0.2
696,2018,AM,DEPUTADO ESTADUAL,DC,21,8,29,0.27586206896551724,0.7241379310344828
697,2018,AM,DEPUTADO ESTADUAL,PPL,4,5,9,0.5555555555555556,0.4444444444444444
698,2018,AM,DEPUTADO ESTADUAL,PPS,28,12,40,0.3,0.7
699,2018,AM,DEPUTADO ESTADUAL,PSDB,12,6,18,0.3333333333333333,0.6666666666666666
700,2018,AM,DEPUTADO ESTADUAL,PMN,33,16,49,0.32653061224489793,0.673469387755102
701,2018,AM,DEPUTADO ESTADUAL,PSD,10,5,15,0.3333333333333333,0.6666666666666666
702,2018,AM,DEPUTADO ESTADUAL,PODE,20,10,30,0.3333333333333333,0.6666666666666666
703,2018,AM,DEPUTADO ESTADUAL,PSOL,21,11,32,0.34375,0.65625
704,2018,AM,DEPUTADO ESTADUAL,SOLIDARIEDADE,13,4,17,0.23529411764705882,0.7647058823529411
705,2018,AM,DEPUTADO ESTADUAL,PROS,8,1,9,0.1111111111111111,0.8888888888888888
706,2018,AM,DEPUTADO ESTADUAL,PSC,12,6,18,0.3333333333333333,0.6666666666666666
707,2018,AM,DEPUTADO ESTADUAL,PSB,20,12,32,0.375,0.625
708,2018,AM,DEPUTADO ESTADUAL,PRTB,8,3,11,0.2727272727272727,0.7272727272727273
709,2018,AM,DEPUTADO ESTADUAL,PC do B,15,6,21,0.2857142857142857,0.7142857142857143
710,2018,AM,DEPUTADO ESTADUAL,PRP,7,3,10,0.3,0.7
711,2018,AM,DEPUTADO ESTADUAL,PMB,3,1,4,0.25,0.75
712,2018,AM,DEPUTADO ESTADUAL,MDB,13,7,20,0.35,0.65
713,2018,AM,DEPUTADO ESTADUAL,PR,13,4,17,0.23529411764705882,0.7647058823529411
714,2018,AM,DEPUTADO ESTADUAL,PTC,12,5,17,0.29411764705882354,0.7058823529411765
715,2018,AM,DEPUTADO ESTADUAL,PDT,14,5,19,0.2631578947368421,0.7368421052631579
716,2018,AM,DEPUTADO ESTADUAL,PRB,3,2,5,0.4,0.6
717,2018,AM,DEPUTADO ESTADUAL,PP,7,2,9,0.2222222222222222,0.7777777777777778
718,2018,AM,DEPUTADO ESTADUAL,PSTU,1,0,1,0.0,1.0
719,2018,AM,DEPUTADO FEDERAL,PC do B,5,3,8,0.375,0.625
720,2018,AM,DEPUTADO FEDERAL,PSTU,1,0,1,0.0,1.0
721,2018,AM,DEPUTADO FEDERAL,MDB,4,5,9,0.5555555555555556,0.4444444444444444
722,2018,AM,DEPUTADO FEDERAL,REDE,5,2,7,0.2857142857142857,0.7142857142857143
723,2018,AM,DEPUTADO FEDERAL,PV,2,1,3,0.3333333333333333,0.6666666666666666
724,2018,AM,DEPUTADO FEDERAL,DC,7,0,7,0.0,1.0
725,2018,AM,DEPUTADO FEDERAL,PSB,1,2,3,0.6666666666666666,0.3333333333333333
726,2018,AM,DEPUTADO FEDERAL,PATRI,5,3,8,0.375,0.625
727,2018,AM,DEPUTADO FEDERAL,AVANTE,6,1,7,0.14285714285714285,0.8571428571428571
728,2018,AM,DEPUTADO FEDERAL,PSOL,11,4,15,0.26666666666666666,0.7333333333333333
729,2018,AM,DEPUTADO FEDERAL,PDT,8,4,12,0.3333333333333333,0.6666666666666666
730,2018,AM,DEPUTADO FEDERAL,PSC,3,2,5,0.4,0.6
731,2018,AM,DEPUTADO FEDERAL,DEM,1,1,2,0.5,0.5
732,2018,AM,DEPUTADO FEDERAL,PSD,4,0,4,0.0,1.0
733,2018,AM,DEPUTADO FEDERAL,PTB,1,0,1,0.0,1.0
734,2018,AM,DEPUTADO FEDERAL,PRP,4,1,5,0.2,0.8
735,2018,AM,DEPUTADO FEDERAL,PMB,7,4,11,0.36363636363636365,0.6363636363636364
736,2018,AM,DEPUTADO FEDERAL,PMN,5,1,6,0.16666666666666666,0.8333333333333334
737,2018,AM,DEPUTADO FEDERAL,PT,2,2,4,0.5,0.5
738,2018,AM,DEPUTADO FEDERAL,PODE,3,2,5,0.4,0.6
739,2018,AM,DEPUTADO FEDERAL,PTC,2,2,4,0.5,0.5
740,2018,AM,DEPUTADO FEDERAL,PPL,3,2,5,0.4,0.6
741,2018,AM,DEPUTADO FEDERAL,PSL,1,0,1,0.0,1.0
742,2018,AM,DEPUTADO FEDERAL,SOLIDARIEDADE,2,0,2,0.0,1.0
743,2018,AM,DEPUTADO FEDERAL,PHS,1,1,2,0.5,0.5
744,2018,AM,DEPUTADO FEDERAL,PR,1,2,3,0.6666666666666666,0.3333333333333333
745,2018,AM,DEPUTADO FEDERAL,PPS,1,1,2,0.5,0.5
746,2018,AM,DEPUTADO FEDERAL,PP,2,0,2,0.0,1.0
747,2018,AM,DEPUTADO FEDERAL,PRB,2,0,2,0.0,1.0
748,2018,AM,DEPUTADO FEDERAL,PROS,2,0,2,0.0,1.0
749,2018,AM,DEPUTADO FEDERAL,PRTB,2,1,3,0.3333333333333333,0.6666666666666666
750,2018,AM,DEPUTADO FEDERAL,PSDB,0,1,1,1.0,0.0
751,2018,AM,SENADOR,PSOL,2,0,2,0.0,1.0
752,2018,AM,SENADOR,PSDB,1,0,1,0.0,1.0
753,2018,AM,SENADOR,MDB,1,0,1,0.0,1.0
754,2018,AM,SENADOR,PDT,1,0,1,0.0,1.0
755,2018,AM,SENADOR,PC do B,0,1,1,1.0,0.0
756,2018,AM,SENADOR,REDE,1,0,1,0.0,1.0
757,2018,AM,SENADOR,PR,1,0,1,0.0,1.0
758,2018,AM,SENADOR,PMN,1,0,1,0.0,1.0
759,2010,BA,DEPUTADO ESTADUAL,PSDB,33,3,36,0.08333333333333333,0.9166666666666666
760,2010,BA,DEPUTADO ESTADUAL,PSL,15,13,28,0.4642857142857143,0.5357142857142857
761,2010,BA,DEPUTADO ESTADUAL,PRB,23,8,31,0.25806451612903225,0.7419354838709677
762,2010,BA,DEPUTADO ESTADUAL,PMDB,37,9,46,0.1956521739130435,0.8043478260869565
763,2010,BA,DEPUTADO ESTADUAL,PRP,24,5,29,0.1724137931034483,0.8275862068965517
764,2010,BA,DEPUTADO ESTADUAL,PP,8,1,9,0.1111111111111111,0.8888888888888888
765,2010,BA,DEPUTADO ESTADUAL,PSC,35,10,45,0.2222222222222222,0.7777777777777778
766,2010,BA,DEPUTADO ESTADUAL,PDT,23,6,29,0.20689655172413793,0.7931034482758621
767,2010,BA,DEPUTADO ESTADUAL,PMN,19,1,20,0.05,0.95
768,2010,BA,DEPUTADO ESTADUAL,PR,19,2,21,0.09523809523809523,0.9047619047619048
769,2010,BA,DEPUTADO ESTADUAL,PT do B,14,2,16,0.125,0.875
770,2010,BA,DEPUTADO ESTADUAL,PSDC,14,2,16,0.125,0.875
771,2010,BA,DEPUTADO ESTADUAL,PPS,20,4,24,0.16666666666666666,0.8333333333333334
772,2010,BA,DEPUTADO ESTADUAL,PC do B,35,5,40,0.125,0.875
773,2010,BA,DEPUTADO ESTADUAL,PT,33,6,39,0.15384615384615385,0.8461538461538461
774,2010,BA,DEPUTADO ESTADUAL,PTC,34,7,41,0.17073170731707318,0.8292682926829268
775,2010,BA,DEPUTADO ESTADUAL,PTB,16,2,18,0.1111111111111111,0.8888888888888888
776,2010,BA,DEPUTADO ESTADUAL,PTN,19,2,21,0.09523809523809523,0.9047619047619048
777,2010,BA,DEPUTADO ESTADUAL,PV,39,5,44,0.11363636363636363,0.8863636363636364
778,2010,BA,DEPUTADO ESTADUAL,PSB,30,6,36,0.16666666666666666,0.8333333333333334
779,2010,BA,DEPUTADO ESTADUAL,PHS,29,10,39,0.2564102564102564,0.7435897435897436
780,2010,BA,DEPUTADO ESTADUAL,DEM,24,6,30,0.2,0.8
781,2010,BA,DEPUTADO ESTADUAL,PSOL,24,2,26,0.07692307692307693,0.9230769230769231
782,2010,BA,DEPUTADO ESTADUAL,PRTB,5,0,5,0.0,1.0
783,2010,BA,DEPUTADO ESTADUAL,PSTU,1,1,2,0.5,0.5
784,2010,BA,DEPUTADO ESTADUAL,PCB,1,0,1,0.0,1.0
785,2010,BA,DEPUTADO FEDERAL,PRB,7,1,8,0.125,0.875
786,2010,BA,DEPUTADO FEDERAL,PSB,7,0,7,0.0,1.0
787,2010,BA,DEPUTADO FEDERAL,PT,19,2,21,0.09523809523809523,0.9047619047619048
788,2010,BA,DEPUTADO FEDERAL,PRP,11,1,12,0.08333333333333333,0.9166666666666666
789,2010,BA,DEPUTADO FEDERAL,PC do B,2,1,3,0.3333333333333333,0.6666666666666666
790,2010,BA,DEPUTADO FEDERAL,PT do B,8,0,8,0.0,1.0
791,2010,BA,DEPUTADO FEDERAL,DEM,18,1,19,0.05263157894736842,0.9473684210526315
792,2010,BA,DEPUTADO FEDERAL,PTC,16,3,19,0.15789473684210525,0.8421052631578947
793,2010,BA,DEPUTADO FEDERAL,PSOL,18,0,18,0.0,1.0
794,2010,BA,DEPUTADO FEDERAL,PSL,3,2,5,0.4,0.6
795,2010,BA,DEPUTADO FEDERAL,PR,9,1,10,0.1,0.9
796,2010,BA,DEPUTADO FEDERAL,PSDC,7,0,7,0.0,1.0
797,2010,BA,DEPUTADO FEDERAL,PRTB,5,0,5,0.0,1.0
798,2010,BA,DEPUTADO FEDERAL,PMN,6,0,6,0.0,1.0
799,2010,BA,DEPUTADO FEDERAL,PMDB,21,2,23,0.08695652173913043,0.9130434782608695
800,2010,BA,DEPUTADO FEDERAL,PDT,10,1,11,0.09090909090909091,0.9090909090909091
801,2010,BA,DEPUTADO FEDERAL,PSDB,17,8,25,0.32,0.68
802,2010,BA,DEPUTADO FEDERAL,PTB,6,0,6,0.0,1.0
803,2010,BA,DEPUTADO FEDERAL,PV,15,6,21,0.2857142857142857,0.7142857142857143
804,2010,BA,DEPUTADO FEDERAL,PSTU,1,0,1,0.0,1.0
805,2010,BA,DEPUTADO FEDERAL,PHS,2,0,2,0.0,1.0
806,2010,BA,DEPUTADO FEDERAL,PPS,12,1,13,0.07692307692307693,0.9230769230769231
807,2010,BA,DEPUTADO FEDERAL,PSC,14,3,17,0.17647058823529413,0.8235294117647058
808,2010,BA,DEPUTADO FEDERAL,PTN,5,0,5,0.0,1.0
809,2010,BA,DEPUTADO FEDERAL,PP,7,0,7,0.0,1.0
810,2010,BA,DEPUTADO FEDERAL,PCB,1,0,1,0.0,1.0
811,2010,BA,SENADOR,PSTU,1,0,1,0.0,1.0
812,2010,BA,SENADOR,PCB,1,0,1,0.0,1.0
813,2010,BA,SENADOR,PR,1,0,1,0.0,1.0
814,2010,BA,SENADOR,PV,1,0,1,0.0,1.0
815,2010,BA,SENADOR,PTB,1,0,1,0.0,1.0
816,2010,BA,SENADOR,DEM,2,0,2,0.0,1.0
817,2010,BA,SENADOR,PSB,0,1,1,1.0,0.0
818,2010,BA,SENADOR,PSOL,1,1,2,0.5,0.5
819,2010,BA,SENADOR,PT,1,0,1,0.0,1.0
820,2014,BA,DEPUTADO ESTADUAL,PSOL,27,12,39,0.3076923076923077,0.6923076923076923
821,2014,BA,DEPUTADO ESTADUAL,PPS,8,5,13,0.38461538461538464,0.6153846153846154
822,2014,BA,DEPUTADO ESTADUAL,PV,24,13,37,0.35135135135135137,0.6486486486486487
823,2014,BA,DEPUTADO ESTADUAL,PTB,11,5,16,0.3125,0.6875
824,2014,BA,DEPUTADO ESTADUAL,PEN,44,30,74,0.40540540540540543,0.5945945945945946
825,2014,BA,DEPUTADO ESTADUAL,PT,40,13,53,0.24528301886792453,0.7547169811320755
826,2014,BA,DEPUTADO ESTADUAL,PRB,11,11,22,0.5,0.5
827,2014,BA,DEPUTADO ESTADUAL,PSL,14,8,22,0.36363636363636365,0.6363636363636364
828,2014,BA,DEPUTADO ESTADUAL,PC do B,29,13,42,0.30952380952380953,0.6904761904761905
829,2014,BA,DEPUTADO ESTADUAL,PSD,10,5,15,0.3333333333333333,0.6666666666666666
830,2014,BA,DEPUTADO ESTADUAL,PMN,15,8,23,0.34782608695652173,0.6521739130434783
831,2014,BA,DEPUTADO ESTADUAL,PTC,33,12,45,0.26666666666666666,0.7333333333333333
832,2014,BA,DEPUTADO ESTADUAL,DEM,20,8,28,0.2857142857142857,0.7142857142857143
833,2014,BA,DEPUTADO ESTADUAL,PDT,11,7,18,0.3888888888888889,0.6111111111111112
834,2014,BA,DEPUTADO ESTADUAL,PP,9,4,13,0.3076923076923077,0.6923076923076923
835,2014,BA,DEPUTADO ESTADUAL,PRP,12,4,16,0.25,0.75
836,2014,BA,DEPUTADO ESTADUAL,PT do B,10,5,15,0.3333333333333333,0.6666666666666666
837,2014,BA,DEPUTADO ESTADUAL,PMDB,15,6,21,0.2857142857142857,0.7142857142857143
838,2014,BA,DEPUTADO ESTADUAL,PSB,29,11,40,0.275,0.725
839,2014,BA,DEPUTADO ESTADUAL,PSC,12,4,16,0.25,0.75
840,2014,BA,DEPUTADO ESTADUAL,PPL,6,2,8,0.25,0.75
841,2014,BA,DEPUTADO ESTADUAL,PTN,11,5,16,0.3125,0.6875
842,2014,BA,DEPUTADO ESTADUAL,PRTB,16,3,19,0.15789473684210525,0.8421052631578947
843,2014,BA,DEPUTADO ESTADUAL,PSDC,11,1,12,0.08333333333333333,0.9166666666666666
844,2014,BA,DEPUTADO ESTADUAL,PSTU,1,1,2,0.5,0.5
845,2014,BA,DEPUTADO ESTADUAL,PSDB,13,2,15,0.13333333333333333,0.8666666666666667
846,2014,BA,DEPUTADO ESTADUAL,PR,7,4,11,0.36363636363636365,0.6363636363636364
847,2014,BA,DEPUTADO ESTADUAL,SD,6,2,8,0.25,0.75
848,2014,BA,DEPUTADO ESTADUAL,PROS,4,1,5,0.2,0.8
849,2014,BA,DEPUTADO ESTADUAL,PHS,7,1,8,0.125,0.875
850,2014,BA,DEPUTADO FEDERAL,PSOL,26,14,40,0.35,0.65
851,2014,BA,DEPUTADO FEDERAL,PSB,11,7,18,0.3888888888888889,0.6111111111111112
852,2014,BA,DEPUTADO FEDERAL,DEM,17,6,23,0.2608695652173913,0.7391304347826086
853,2014,BA,DEPUTADO FEDERAL,PT do B,10,2,12,0.16666666666666666,0.8333333333333334
854,2014,BA,DEPUTADO FEDERAL,PTC,18,20,38,0.5263157894736842,0.47368421052631576
855,2014,BA,DEPUTADO FEDERAL,PSDC,6,1,7,0.14285714285714285,0.8571428571428571
856,2014,BA,DEPUTADO FEDERAL,PV,9,2,11,0.18181818181818182,0.8181818181818182
857,2014,BA,DEPUTADO FEDERAL,PDT,6,3,9,0.3333333333333333,0.6666666666666666
858,2014,BA,DEPUTADO FEDERAL,PT,16,6,22,0.2727272727272727,0.7272727272727273
859,2014,BA,DEPUTADO FEDERAL,PTB,2,1,3,0.3333333333333333,0.6666666666666666
860,2014,BA,DEPUTADO FEDERAL,PEN,24,15,39,0.38461538461538464,0.6153846153846154
861,2014,BA,DEPUTADO FEDERAL,PR,4,2,6,0.3333333333333333,0.6666666666666666
862,2014,BA,DEPUTADO FEDERAL,PP,5,2,7,0.2857142857142857,0.7142857142857143
863,2014,BA,DEPUTADO FEDERAL,PRTB,22,7,29,0.2413793103448276,0.7586206896551724
864,2014,BA,DEPUTADO FEDERAL,PHS,6,4,10,0.4,0.6
865,2014,BA,DEPUTADO FEDERAL,PRB,4,2,6,0.3333333333333333,0.6666666666666666
866,2014,BA,DEPUTADO FEDERAL,PSC,8,4,12,0.3333333333333333,0.6666666666666666
867,2014,BA,DEPUTADO FEDERAL,PMDB,10,5,15,0.3333333333333333,0.6666666666666666
868,2014,BA,DEPUTADO FEDERAL,PRP,13,3,16,0.1875,0.8125
869,2014,BA,DEPUTADO FEDERAL,PSDB,8,2,10,0.2,0.8
870,2014,BA,DEPUTADO FEDERAL,PSL,7,3,10,0.3,0.7
871,2014,BA,DEPUTADO FEDERAL,PPS,4,3,7,0.42857142857142855,0.5714285714285714
872,2014,BA,DEPUTADO FEDERAL,PTN,6,3,9,0.3333333333333333,0.6666666666666666
873,2014,BA,DEPUTADO FEDERAL,PSD,7,5,12,0.4166666666666667,0.5833333333333334
874,2014,BA,DEPUTADO FEDERAL,PC do B,2,1,3,0.3333333333333333,0.6666666666666666
875,2014,BA,DEPUTADO FEDERAL,PMN,1,0,1,0.0,1.0
876,2014,BA,DEPUTADO FEDERAL,PSTU,1,1,2,0.5,0.5
877,2014,BA,DEPUTADO FEDERAL,PROS,1,2,3,0.6666666666666666,0.3333333333333333
878,2014,BA,DEPUTADO FEDERAL,SD,5,1,6,0.16666666666666666,0.8333333333333334
879,2014,BA,DEPUTADO FEDERAL,PPL,1,0,1,0.0,1.0
880,2014,BA,SENADOR,PEN,2,1,3,0.3333333333333333,0.6666666666666666
881,2014,BA,SENADOR,PSOL,1,0,1,0.0,1.0
882,2014,BA,SENADOR,PSD,1,0,1,0.0,1.0
883,2014,BA,SENADOR,PSB,0,1,1,1.0,0.0
884,2014,BA,SENADOR,PMDB,1,0,1,0.0,1.0
885,2018,BA,DEPUTADO ESTADUAL,PP,11,4,15,0.26666666666666666,0.7333333333333333
886,2018,BA,DEPUTADO ESTADUAL,PHS,21,13,34,0.38235294117647056,0.6176470588235294
887,2018,BA,DEPUTADO ESTADUAL,PSC,27,13,40,0.325,0.675
888,2018,BA,DEPUTADO ESTADUAL,PTC,45,19,64,0.296875,0.703125
889,2018,BA,DEPUTADO ESTADUAL,PATRI,42,21,63,0.3333333333333333,0.6666666666666666
890,2018,BA,DEPUTADO ESTADUAL,PSL,21,6,27,0.2222222222222222,0.7777777777777778
891,2018,BA,DEPUTADO ESTADUAL,REDE,13,3,16,0.1875,0.8125
892,2018,BA,DEPUTADO ESTADUAL,PTB,7,5,12,0.4166666666666667,0.5833333333333334
893,2018,BA,DEPUTADO ESTADUAL,PC do B,29,15,44,0.3409090909090909,0.6590909090909091
894,2018,BA,DEPUTADO ESTADUAL,PT,17,9,26,0.34615384615384615,0.6538461538461539
895,2018,BA,DEPUTADO ESTADUAL,PSB,8,4,12,0.3333333333333333,0.6666666666666666
896,2018,BA,DEPUTADO ESTADUAL,PDT,7,2,9,0.2222222222222222,0.7777777777777778
897,2018,BA,DEPUTADO ESTADUAL,DEM,23,6,29,0.20689655172413793,0.7931034482758621
898,2018,BA,DEPUTADO ESTADUAL,SOLIDARIEDADE,22,9,31,0.2903225806451613,0.7096774193548387
899,2018,BA,DEPUTADO ESTADUAL,PV,7,6,13,0.46153846153846156,0.5384615384615384
900,2018,BA,DEPUTADO ESTADUAL,PSOL,33,14,47,0.2978723404255319,0.7021276595744681
901,2018,BA,DEPUTADO ESTADUAL,DC,17,8,25,0.32,0.68
902,2018,BA,DEPUTADO ESTADUAL,PSDB,9,5,14,0.35714285714285715,0.6428571428571429
903,2018,BA,DEPUTADO ESTADUAL,PODE,6,3,9,0.3333333333333333,0.6666666666666666
904,2018,BA,DEPUTADO ESTADUAL,PPL,8,3,11,0.2727272727272727,0.7272727272727273
905,2018,BA,DEPUTADO ESTADUAL,MDB,14,9,23,0.391304347826087,0.6086956521739131
906,2018,BA,DEPUTADO ESTADUAL,PR,5,1,6,0.16666666666666666,0.8333333333333334
907,2018,BA,DEPUTADO ESTADUAL,PRB,12,5,17,0.29411764705882354,0.7058823529411765
908,2018,BA,DEPUTADO ESTADUAL,PPS,8,2,10,0.2,0.8
909,2018,BA,DEPUTADO ESTADUAL,PSD,8,5,13,0.38461538461538464,0.6153846153846154
910,2018,BA,DEPUTADO ESTADUAL,PROS,2,2,4,0.5,0.5
911,2018,BA,DEPUTADO ESTADUAL,PRP,6,0,6,0.0,1.0
912,2018,BA,DEPUTADO ESTADUAL,AVANTE,2,0,2,0.0,1.0
913,2018,BA,DEPUTADO ESTADUAL,PRTB,11,3,14,0.21428571428571427,0.7857142857142857
914,2018,BA,DEPUTADO ESTADUAL,PMN,2,1,3,0.3333333333333333,0.6666666666666666
915,2018,BA,DEPUTADO ESTADUAL,PCO,1,0,1,0.0,1.0
916,2018,BA,DEPUTADO ESTADUAL,PMB,0,1,1,1.0,0.0
917,2018,BA,DEPUTADO FEDERAL,DC,10,6,16,0.375,0.625
918,2018,BA,DEPUTADO FEDERAL,DEM,29,14,43,0.32558139534883723,0.6744186046511628
919,2018,BA,DEPUTADO FEDERAL,PSOL,33,18,51,0.35294117647058826,0.6470588235294118
920,2018,BA,DEPUTADO FEDERAL,PTC,22,7,29,0.2413793103448276,0.7586206896551724
921,2018,BA,DEPUTADO FEDERAL,PHS,18,8,26,0.3076923076923077,0.6923076923076923
922,2018,BA,DEPUTADO FEDERAL,PRP,6,6,12,0.5,0.5
923,2018,BA,DEPUTADO FEDERAL,PDT,26,12,38,0.3157894736842105,0.6842105263157895
924,2018,BA,DEPUTADO FEDERAL,MDB,29,12,41,0.2926829268292683,0.7073170731707317
925,2018,BA,DEPUTADO FEDERAL,PATRI,28,12,40,0.3,0.7
926,2018,BA,DEPUTADO FEDERAL,PSC,5,4,9,0.4444444444444444,0.5555555555555556
927,2018,BA,DEPUTADO FEDERAL,PSD,7,3,10,0.3,0.7
928,2018,BA,DEPUTADO FEDERAL,PPL,5,5,10,0.5,0.5
929,2018,BA,DEPUTADO FEDERAL,PMN,6,2,8,0.25,0.75
930,2018,BA,DEPUTADO FEDERAL,REDE,14,6,20,0.3,0.7
931,2018,BA,DEPUTADO FEDERAL,AVANTE,10,5,15,0.3333333333333333,0.6666666666666666
932,2018,BA,DEPUTADO FEDERAL,PRTB,10,3,13,0.23076923076923078,0.7692307692307693
933,2018,BA,DEPUTADO FEDERAL,PSDB,6,5,11,0.45454545454545453,0.5454545454545454
934,2018,BA,DEPUTADO FEDERAL,PR,4,0,4,0.0,1.0
935,2018,BA,DEPUTADO FEDERAL,SOLIDARIEDADE,6,0,6,0.0,1.0
936,2018,BA,DEPUTADO FEDERAL,PRB,2,2,4,0.5,0.5
937,2018,BA,DEPUTADO FEDERAL,PV,7,5,12,0.4166666666666667,0.5833333333333334
938,2018,BA,DEPUTADO FEDERAL,PODE,2,2,4,0.5,0.5
939,2018,BA,DEPUTADO FEDERAL,PP,5,3,8,0.375,0.625
940,2018,BA,DEPUTADO FEDERAL,PCO,1,1,2,0.5,0.5
941,2018,BA,DEPUTADO FEDERAL,PROS,9,6,15,0.4,0.6
942,2018,BA,DEPUTADO FEDERAL,NOVO,5,3,8,0.375,0.625
943,2018,BA,DEPUTADO FEDERAL,PT,10,4,14,0.2857142857142857,0.7142857142857143
944,2018,BA,DEPUTADO FEDERAL,PC do B,2,1,3,0.3333333333333333,0.6666666666666666
945,2018,BA,DEPUTADO FEDERAL,PSB,4,2,6,0.3333333333333333,0.6666666666666666
946,2018,BA,DEPUTADO FEDERAL,PSL,11,3,14,0.21428571428571427,0.7857142857142857
947,2018,BA,DEPUTADO FEDERAL,PTB,2,2,4,0.5,0.5
948,2018,BA,DEPUTADO FEDERAL,PPS,1,1,2,0.5,0.5
949,2018,BA,DEPUTADO FEDERAL,PMB,0,1,1,1.0,0.0
950,2018,BA,SENADOR,REDE,1,0,1,0.0,1.0
951,2018,BA,SENADOR,DC,1,0,1,0.0,1.0
952,2018,BA,SENADOR,MDB,1,0,1,0.0,1.0
953,2018,BA,SENADOR,PCO,1,0,1,0.0,1.0
954,2018,BA,SENADOR,PSDB,1,0,1,0.0,1.0
955,2018,BA,SENADOR,PRTB,1,0,1,0.0,1.0
956,2018,BA,SENADOR,PSOL,1,0,1,0.0,1.0
957,2018,BA,SENADOR,PSC,1,0,1,0.0,1.0
958,2018,BA,SENADOR,PSL,1,0,1,0.0,1.0
959,2018,BA,SENADOR,PT,1,0,1,0.0,1.0
960,2018,BA,SENADOR,PSD,1,0,1,0.0,1.0
961,2010,CE,DEPUTADO ESTADUAL,PR,29,10,39,0.2564102564102564,0.7435897435897436
962,2010,CE,DEPUTADO ESTADUAL,PC do B,17,9,26,0.34615384615384615,0.6538461538461539
963,2010,CE,DEPUTADO ESTADUAL,PV,26,11,37,0.2972972972972973,0.7027027027027027
964,2010,CE,DEPUTADO ESTADUAL,PMN,17,8,25,0.32,0.68
965,2010,CE,DEPUTADO ESTADUAL,PTC,39,13,52,0.25,0.75
966,2010,CE,DEPUTADO ESTADUAL,DEM,25,12,37,0.32432432432432434,0.6756756756756757
967,2010,CE,DEPUTADO ESTADUAL,PHS,12,4,16,0.25,0.75
968,2010,CE,DEPUTADO ESTADUAL,PSDB,15,8,23,0.34782608695652173,0.6521739130434783
969,2010,CE,DEPUTADO ESTADUAL,PTB,24,6,30,0.2,0.8
970,2010,CE,DEPUTADO ESTADUAL,PTN,47,17,64,0.265625,0.734375
971,2010,CE,DEPUTADO ESTADUAL,PSOL,24,9,33,0.2727272727272727,0.7272727272727273
972,2010,CE,DEPUTADO ESTADUAL,PSB,16,7,23,0.30434782608695654,0.6956521739130435
973,2010,CE,DEPUTADO ESTADUAL,PT,17,6,23,0.2608695652173913,0.7391304347826086
974,2010,CE,DEPUTADO ESTADUAL,PSC,8,2,10,0.2,0.8
975,2010,CE,DEPUTADO ESTADUAL,PP,12,4,16,0.25,0.75
976,2010,CE,DEPUTADO ESTADUAL,PSL,9,3,12,0.25,0.75
977,2010,CE,DEPUTADO ESTADUAL,PRB,8,4,12,0.3333333333333333,0.6666666666666666
978,2010,CE,DEPUTADO ESTADUAL,PPS,8,6,14,0.42857142857142855,0.5714285714285714
979,2010,CE,DEPUTADO ESTADUAL,PSDC,12,3,15,0.2,0.8
980,2010,CE,DEPUTADO ESTADUAL,PDT,25,11,36,0.3055555555555556,0.6944444444444444
981,2010,CE,DEPUTADO ESTADUAL,PRP,6,3,9,0.3333333333333333,0.6666666666666666
982,2010,CE,DEPUTADO ESTADUAL,PT do B,8,4,12,0.3333333333333333,0.6666666666666666
983,2010,CE,DEPUTADO ESTADUAL,PMDB,8,6,14,0.42857142857142855,0.5714285714285714
984,2010,CE,DEPUTADO ESTADUAL,PRTB,10,7,17,0.4117647058823529,0.5882352941176471
985,2010,CE,DEPUTADO ESTADUAL,PSTU,2,0,2,0.0,1.0
986,2010,CE,DEPUTADO ESTADUAL,PCB,4,2,6,0.3333333333333333,0.6666666666666666
987,2010,CE,DEPUTADO FEDERAL,PSOL,5,2,7,0.2857142857142857,0.7142857142857143
988,2010,CE,DEPUTADO FEDERAL,PR,10,4,14,0.2857142857142857,0.7142857142857143
989,2010,CE,DEPUTADO FEDERAL,PSB,5,1,6,0.16666666666666666,0.8333333333333334
990,2010,CE,DEPUTADO FEDERAL,PPS,3,2,5,0.4,0.6
991,2010,CE,DEPUTADO FEDERAL,PSTU,1,1,2,0.5,0.5
992,2010,CE,DEPUTADO FEDERAL,PDT,2,1,3,0.3333333333333333,0.6666666666666666
993,2010,CE,DEPUTADO FEDERAL,PSDB,9,5,14,0.35714285714285715,0.6428571428571429
994,2010,CE,DEPUTADO FEDERAL,PMDB,10,5,15,0.3333333333333333,0.6666666666666666
995,2010,CE,DEPUTADO FEDERAL,PTB,2,1,3,0.3333333333333333,0.6666666666666666
996,2010,CE,DEPUTADO FEDERAL,PP,4,1,5,0.2,0.8
997,2010,CE,DEPUTADO FEDERAL,DEM,6,2,8,0.25,0.75
998,2010,CE,DEPUTADO FEDERAL,PRTB,4,0,4,0.0,1.0
999,2010,CE,DEPUTADO FEDERAL,PT,6,2,8,0.25,0.75
1000,2010,CE,DEPUTADO FEDERAL,PV,16,2,18,0.1111111111111111,0.8888888888888888
1001,2010,CE,DEPUTADO FEDERAL,PT do B,1,0,1,0.0,1.0
1002,2010,CE,DEPUTADO FEDERAL,PMN,3,0,3,0.0,1.0
1003,2010,CE,DEPUTADO FEDERAL,PC do B,2,2,4,0.5,0.5
1004,2010,CE,DEPUTADO FEDERAL,PSL,4,1,5,0.2,0.8
1005,2010,CE,DEPUTADO FEDERAL,PHS,6,2,8,0.25,0.75
1006,2010,CE,DEPUTADO FEDERAL,PTC,6,2,8,0.25,0.75
1007,2010,CE,DEPUTADO FEDERAL,PSC,1,1,2,0.5,0.5
1008,2010,CE,DEPUTADO FEDERAL,PRB,2,1,3,0.3333333333333333,0.6666666666666666
1009,2010,CE,DEPUTADO FEDERAL,PTN,2,1,3,0.3333333333333333,0.6666666666666666
1010,2010,CE,DEPUTADO FEDERAL,PRP,3,0,3,0.0,1.0
1011,2010,CE,DEPUTADO FEDERAL,PCB,1,1,2,0.5,0.5
1012,2010,CE,SENADOR,PPS,1,0,1,0.0,1.0
1013,2010,CE,SENADOR,PCB,2,0,2,0.0,1.0
1014,2010,CE,SENADOR,PMDB,1,0,1,0.0,1.0
1015,2010,CE,SENADOR,PT,1,0,1,0.0,1.0
1016,2010,CE,SENADOR,PSOL,0,1,1,1.0,0.0
1017,2010,CE,SENADOR,PV,1,0,1,0.0,1.0
1018,2010,CE,SENADOR,PSTU,1,1,2,0.5,0.5
1019,2010,CE,SENADOR,PSDB,1,0,1,0.0,1.0
1020,2014,CE,DEPUTADO ESTADUAL,PDT,22,10,32,0.3125,0.6875
1021,2014,CE,DEPUTADO ESTADUAL,PSOL,23,13,36,0.3611111111111111,0.6388888888888888
1022,2014,CE,DEPUTADO ESTADUAL,PTN,24,11,35,0.3142857142857143,0.6857142857142857
1023,2014,CE,DEPUTADO ESTADUAL,PRTB,8,1,9,0.1111111111111111,0.8888888888888888
1024,2014,CE,DEPUTADO ESTADUAL,PC do B,27,13,40,0.325,0.675
1025,2014,CE,DEPUTADO ESTADUAL,PSC,46,20,66,0.30303030303030304,0.696969696969697
1026,2014,CE,DEPUTADO ESTADUAL,PP,15,5,20,0.25,0.75
1027,2014,CE,DEPUTADO ESTADUAL,PTC,40,23,63,0.36507936507936506,0.6349206349206349
1028,2014,CE,DEPUTADO ESTADUAL,PMN,9,5,14,0.35714285714285715,0.6428571428571429
1029,2014,CE,DEPUTADO ESTADUAL,PMDB,18,10,28,0.35714285714285715,0.6428571428571429
1030,2014,CE,DEPUTADO ESTADUAL,PHS,3,2,5,0.4,0.6
1031,2014,CE,DEPUTADO ESTADUAL,PR,17,8,25,0.32,0.68
1032,2014,CE,DEPUTADO ESTADUAL,PSDB,15,4,19,0.21052631578947367,0.7894736842105263
1033,2014,CE,DEPUTADO ESTADUAL,PV,8,3,11,0.2727272727272727,0.7272727272727273
1034,2014,CE,DEPUTADO ESTADUAL,PRB,7,3,10,0.3,0.7
1035,2014,CE,DEPUTADO ESTADUAL,PPS,14,6,20,0.3,0.7
1036,2014,CE,DEPUTADO ESTADUAL,PSDC,16,7,23,0.30434782608695654,0.6956521739130435
1037,2014,CE,DEPUTADO ESTADUAL,PPL,11,3,14,0.21428571428571427,0.7857142857142857
1038,2014,CE,DEPUTADO ESTADUAL,PEN,31,16,47,0.3404255319148936,0.6595744680851063
1039,2014,CE,DEPUTADO ESTADUAL,PSD,7,1,8,0.125,0.875
1040,2014,CE,DEPUTADO ESTADUAL,DEM,11,5,16,0.3125,0.6875
1041,2014,CE,DEPUTADO ESTADUAL,PRP,5,1,6,0.16666666666666666,0.8333333333333334
1042,2014,CE,DEPUTADO ESTADUAL,PT,11,5,16,0.3125,0.6875
1043,2014,CE,DEPUTADO ESTADUAL,PTB,5,3,8,0.375,0.625
1044,2014,CE,DEPUTADO ESTADUAL,PSL,4,7,11,0.6363636363636364,0.36363636363636365
1045,2014,CE,DEPUTADO ESTADUAL,SD,6,1,7,0.14285714285714285,0.8571428571428571
1046,2014,CE,DEPUTADO ESTADUAL,PROS,18,4,22,0.18181818181818182,0.8181818181818182
1047,2014,CE,DEPUTADO ESTADUAL,PCB,1,1,2,0.5,0.5
1048,2014,CE,DEPUTADO ESTADUAL,PSB,3,2,5,0.4,0.6
1049,2014,CE,DEPUTADO ESTADUAL,PT do B,11,5,16,0.3125,0.6875
1050,2014,CE,DEPUTADO ESTADUAL,PSTU,2,1,3,0.3333333333333333,0.6666666666666666
1051,2014,CE,DEPUTADO FEDERAL,PSB,20,9,29,0.3103448275862069,0.6896551724137931
1052,2014,CE,DEPUTADO FEDERAL,PROS,7,2,9,0.2222222222222222,0.7777777777777778
1053,2014,CE,DEPUTADO FEDERAL,PMN,3,2,5,0.4,0.6
1054,2014,CE,DEPUTADO FEDERAL,PRTB,3,2,5,0.4,0.6
1055,2014,CE,DEPUTADO FEDERAL,PEN,7,2,9,0.2222222222222222,0.7777777777777778
1056,2014,CE,DEPUTADO FEDERAL,PV,6,3,9,0.3333333333333333,0.6666666666666666
1057,2014,CE,DEPUTADO FEDERAL,PSDC,4,0,4,0.0,1.0
1058,2014,CE,DEPUTADO FEDERAL,PTN,8,5,13,0.38461538461538464,0.6153846153846154
1059,2014,CE,DEPUTADO FEDERAL,PP,3,2,5,0.4,0.6
1060,2014,CE,DEPUTADO FEDERAL,PTB,1,2,3,0.6666666666666666,0.3333333333333333
1061,2014,CE,DEPUTADO FEDERAL,PMDB,9,6,15,0.4,0.6
1062,2014,CE,DEPUTADO FEDERAL,PR,6,2,8,0.25,0.75
1063,2014,CE,DEPUTADO FEDERAL,PSC,5,2,7,0.2857142857142857,0.7142857142857143
1064,2014,CE,DEPUTADO FEDERAL,PRP,3,0,3,0.0,1.0
1065,2014,CE,DEPUTADO FEDERAL,PSDB,6,3,9,0.3333333333333333,0.6666666666666666
1066,2014,CE,DEPUTADO FEDERAL,PTC,8,3,11,0.2727272727272727,0.7272727272727273
1067,2014,CE,DEPUTADO FEDERAL,PSL,2,1,3,0.3333333333333333,0.6666666666666666
1068,2014,CE,DEPUTADO FEDERAL,PSOL,10,5,15,0.3333333333333333,0.6666666666666666
1069,2014,CE,DEPUTADO FEDERAL,PT do B,3,1,4,0.25,0.75
1070,2014,CE,DEPUTADO FEDERAL,PSTU,7,3,10,0.3,0.7
1071,2014,CE,DEPUTADO FEDERAL,SD,2,0,2,0.0,1.0
1072,2014,CE,DEPUTADO FEDERAL,PT,7,3,10,0.3,0.7
1073,2014,CE,DEPUTADO FEDERAL,PRB,2,1,3,0.3333333333333333,0.6666666666666666
1074,2014,CE,DEPUTADO FEDERAL,PSD,4,0,4,0.0,1.0
1075,2014,CE,DEPUTADO FEDERAL,PDT,2,0,2,0.0,1.0
1076,2014,CE,DEPUTADO FEDERAL,DEM,6,2,8,0.25,0.75
1077,2014,CE,DEPUTADO FEDERAL,PPS,2,2,4,0.5,0.5
1078,2014,CE,DEPUTADO FEDERAL,PPL,1,0,1,0.0,1.0
1079,2014,CE,DEPUTADO FEDERAL,PC do B,3,1,4,0.25,0.75
1080,2014,CE,DEPUTADO FEDERAL,PHS,1,1,2,0.5,0.5
1081,2014,CE,DEPUTADO FEDERAL,PCB,1,0,1,0.0,1.0
1082,2014,CE,SENADOR,PROS,1,0,1,0.0,1.0
1083,2014,CE,SENADOR,PSDB,1,0,1,0.0,1.0
1084,2014,CE,SENADOR,PSTU,0,1,1,1.0,0.0
1085,2014,CE,SENADOR,PSB,0,1,1,1.0,0.0
1086,2018,CE,DEPUTADO ESTADUAL,PT,20,8,28,0.2857142857142857,0.7142857142857143
1087,2018,CE,DEPUTADO ESTADUAL,PRB,4,4,8,0.5,0.5
1088,2018,CE,DEPUTADO ESTADUAL,PDT,24,8,32,0.25,0.75
1089,2018,CE,DEPUTADO ESTADUAL,PATRI,38,16,54,0.2962962962962963,0.7037037037037037
1090,2018,CE,DEPUTADO ESTADUAL,PROS,44,20,64,0.3125,0.6875
1091,2018,CE,DEPUTADO ESTADUAL,PTC,23,10,33,0.30303030303030304,0.696969696969697
1092,2018,CE,DEPUTADO ESTADUAL,DC,16,12,28,0.42857142857142855,0.5714285714285714
1093,2018,CE,DEPUTADO ESTADUAL,PC do B,21,10,31,0.3225806451612903,0.6774193548387096
1094,2018,CE,DEPUTADO ESTADUAL,PPS,24,12,36,0.3333333333333333,0.6666666666666666
1095,2018,CE,DEPUTADO ESTADUAL,PSB,8,3,11,0.2727272727272727,0.7272727272727273
1096,2018,CE,DEPUTADO ESTADUAL,PSL,32,9,41,0.21951219512195122,0.7804878048780488
1097,2018,CE,DEPUTADO ESTADUAL,PSOL,23,10,33,0.30303030303030304,0.696969696969697
1098,2018,CE,DEPUTADO ESTADUAL,PR,6,6,12,0.5,0.5
1099,2018,CE,DEPUTADO ESTADUAL,DEM,4,5,9,0.5555555555555556,0.4444444444444444
1100,2018,CE,DEPUTADO ESTADUAL,PPL,12,3,15,0.2,0.8
1101,2018,CE,DEPUTADO ESTADUAL,PMN,23,10,33,0.30303030303030304,0.696969696969697
1102,2018,CE,DEPUTADO ESTADUAL,PRTB,5,2,7,0.2857142857142857,0.7142857142857143
1103,2018,CE,DEPUTADO ESTADUAL,AVANTE,11,3,14,0.21428571428571427,0.7857142857142857
1104,2018,CE,DEPUTADO ESTADUAL,PHS,2,0,2,0.0,1.0
1105,2018,CE,DEPUTADO ESTADUAL,PODE,11,6,17,0.35294117647058826,0.6470588235294118
1106,2018,CE,DEPUTADO ESTADUAL,PSDB,13,6,19,0.3157894736842105,0.6842105263157895
1107,2018,CE,DEPUTADO ESTADUAL,MDB,13,4,17,0.23529411764705882,0.7647058823529411
1108,2018,CE,DEPUTADO ESTADUAL,PSD,4,2,6,0.3333333333333333,0.6666666666666666
1109,2018,CE,DEPUTADO ESTADUAL,SOLIDARIEDADE,2,1,3,0.3333333333333333,0.6666666666666666
1110,2018,CE,DEPUTADO ESTADUAL,PV,9,6,15,0.4,0.6
1111,2018,CE,DEPUTADO ESTADUAL,PP,7,1,8,0.125,0.875
1112,2018,CE,DEPUTADO ESTADUAL,REDE,4,2,6,0.3333333333333333,0.6666666666666666
1113,2018,CE,DEPUTADO ESTADUAL,PSTU,3,2,5,0.4,0.6
1114,2018,CE,DEPUTADO ESTADUAL,PTB,2,1,3,0.3333333333333333,0.6666666666666666
1115,2018,CE,DEPUTADO ESTADUAL,PSC,1,1,2,0.5,0.5
1116,2018,CE,DEPUTADO ESTADUAL,PRP,2,0,2,0.0,1.0
1117,2018,CE,DEPUTADO ESTADUAL,PCO,1,0,1,0.0,1.0
1118,2018,CE,DEPUTADO FEDERAL,PRTB,4,1,5,0.2,0.8
1119,2018,CE,DEPUTADO FEDERAL,PSOL,17,8,25,0.32,0.68
1120,2018,CE,DEPUTADO FEDERAL,PT,7,5,12,0.4166666666666667,0.5833333333333334
1121,2018,CE,DEPUTADO FEDERAL,PSL,16,10,26,0.38461538461538464,0.6153846153846154
1122,2018,CE,DEPUTADO FEDERAL,NOVO,4,2,6,0.3333333333333333,0.6666666666666666
1123,2018,CE,DEPUTADO FEDERAL,PSD,4,1,5,0.2,0.8
1124,2018,CE,DEPUTADO FEDERAL,PROS,21,9,30,0.3,0.7
1125,2018,CE,DEPUTADO FEDERAL,AVANTE,5,1,6,0.16666666666666666,0.8333333333333334
1126,2018,CE,DEPUTADO FEDERAL,PHS,4,1,5,0.2,0.8
1127,2018,CE,DEPUTADO FEDERAL,REDE,11,5,16,0.3125,0.6875
1128,2018,CE,DEPUTADO FEDERAL,PSDB,9,4,13,0.3076923076923077,0.6923076923076923
1129,2018,CE,DEPUTADO FEDERAL,MDB,3,6,9,0.6666666666666666,0.3333333333333333
1130,2018,CE,DEPUTADO FEDERAL,PPS,3,3,6,0.5,0.5
1131,2018,CE,DEPUTADO FEDERAL,PATRI,15,6,21,0.2857142857142857,0.7142857142857143
1132,2018,CE,DEPUTADO FEDERAL,PTC,7,3,10,0.3,0.7
1133,2018,CE,DEPUTADO FEDERAL,PC do B,3,0,3,0.0,1.0
1134,2018,CE,DEPUTADO FEDERAL,PDT,10,4,14,0.2857142857142857,0.7142857142857143
1135,2018,CE,DEPUTADO FEDERAL,DC,7,0,7,0.0,1.0
1136,2018,CE,DEPUTADO FEDERAL,PRP,3,1,4,0.25,0.75
1137,2018,CE,DEPUTADO FEDERAL,PMN,2,2,4,0.5,0.5
1138,2018,CE,DEPUTADO FEDERAL,DEM,3,3,6,0.5,0.5
1139,2018,CE,DEPUTADO FEDERAL,PP,2,2,4,0.5,0.5
1140,2018,CE,DEPUTADO FEDERAL,PV,1,1,2,0.5,0.5
1141,2018,CE,DEPUTADO FEDERAL,PRB,1,0,1,0.0,1.0
1142,2018,CE,DEPUTADO FEDERAL,PSB,2,1,3,0.3333333333333333,0.6666666666666666
1143,2018,CE,DEPUTADO FEDERAL,PR,3,2,5,0.4,0.6
1144,2018,CE,DEPUTADO FEDERAL,PTB,1,1,2,0.5,0.5
1145,2018,CE,DEPUTADO FEDERAL,PODE,3,0,3,0.0,1.0
1146,2018,CE,DEPUTADO FEDERAL,SOLIDARIEDADE,2,0,2,0.0,1.0
1147,2018,CE,DEPUTADO FEDERAL,PSC,0,1,1,1.0,0.0
1148,2018,CE,DEPUTADO FEDERAL,PPL,3,0,3,0.0,1.0
1149,2018,CE,DEPUTADO FEDERAL,PSTU,1,0,1,0.0,1.0
1150,2018,CE,DEPUTADO FEDERAL,PCO,0,1,1,1.0,0.0
1151,2018,CE,DEPUTADO FEDERAL,PCB,1,0,1,0.0,1.0
1152,2018,CE,SENADOR,PTC,1,0,1,0.0,1.0
1153,2018,CE,SENADOR,PSOL,1,1,2,0.5,0.5
1154,2018,CE,SENADOR,PSL,2,0,2,0.0,1.0
1155,2018,CE,SENADOR,PSDB,0,1,1,1.0,0.0
1156,2018,CE,SENADOR,PROS,1,0,1,0.0,1.0
1157,2018,CE,SENADOR,PCO,1,0,1,0.0,1.0
1158,2018,CE,SENADOR,REDE,1,0,1,0.0,1.0
1159,2018,CE,SENADOR,PDT,1,0,1,0.0,1.0
1160,2018,CE,SENADOR,MDB,1,0,1,0.0,1.0
1161,2018,CE,SENADOR,PODE,1,0,1,0.0,1.0
1162,2018,CE,SENADOR,PSTU,1,0,1,0.0,1.0
1163,2010,DF,DEPUTADO DISTRITAL,PDT,33,15,48,0.3125,0.6875
1164,2010,DF,DEPUTADO DISTRITAL,PTB,39,9,48,0.1875,0.8125
1165,2010,DF,DEPUTADO DISTRITAL,PV,33,15,48,0.3125,0.6875
1166,2010,DF,DEPUTADO DISTRITAL,PRTB,22,7,29,0.2413793103448276,0.7586206896551724
1167,2010,DF,DEPUTADO DISTRITAL,PTC,25,7,32,0.21875,0.78125
1168,2010,DF,DEPUTADO DISTRITAL,PSL,35,8,43,0.18604651162790697,0.813953488372093
1169,2010,DF,DEPUTADO DISTRITAL,PP,26,9,35,0.2571428571428571,0.7428571428571429
1170,2010,DF,DEPUTADO DISTRITAL,PRP,25,3,28,0.10714285714285714,0.8928571428571429
1171,2010,DF,DEPUTADO DISTRITAL,PR,34,15,49,0.30612244897959184,0.6938775510204082
1172,2010,DF,DEPUTADO DISTRITAL,PSC,37,15,52,0.28846153846153844,0.7115384615384616
1173,2010,DF,DEPUTADO DISTRITAL,PPS,18,4,22,0.18181818181818182,0.8181818181818182
1174,2010,DF,DEPUTADO DISTRITAL,PHS,36,12,48,0.25,0.75
1175,2010,DF,DEPUTADO DISTRITAL,PT,33,7,40,0.175,0.825
1176,2010,DF,DEPUTADO DISTRITAL,PTN,10,4,14,0.2857142857142857,0.7142857142857143
1177,2010,DF,DEPUTADO DISTRITAL,PMN,27,13,40,0.325,0.675
1178,2010,DF,DEPUTADO DISTRITAL,PSDB,33,8,41,0.1951219512195122,0.8048780487804879
1179,2010,DF,DEPUTADO DISTRITAL,PSB,25,9,34,0.2647058823529412,0.7352941176470589
1180,2010,DF,DEPUTADO DISTRITAL,PT do B,39,14,53,0.2641509433962264,0.7358490566037735
1181,2010,DF,DEPUTADO DISTRITAL,PSDC,16,7,23,0.30434782608695654,0.6956521739130435
1182,2010,DF,DEPUTADO DISTRITAL,PMDB,35,13,48,0.2708333333333333,0.7291666666666666
1183,2010,DF,DEPUTADO DISTRITAL,PRB,11,3,14,0.21428571428571427,0.7857142857142857
1184,2010,DF,DEPUTADO DISTRITAL,PC do B,26,11,37,0.2972972972972973,0.7027027027027027
1185,2010,DF,DEPUTADO DISTRITAL,PSOL,18,3,21,0.14285714285714285,0.8571428571428571
1186,2010,DF,DEPUTADO DISTRITAL,PSTU,1,1,2,0.5,0.5
1187,2010,DF,DEPUTADO DISTRITAL,DEM,21,12,33,0.36363636363636365,0.6363636363636364
1188,2010,DF,DEPUTADO DISTRITAL,PCO,1,0,1,0.0,1.0
1189,2010,DF,DEPUTADO DISTRITAL,PCB,1,0,1,0.0,1.0
1190,2010,DF,DEPUTADO FEDERAL,DEM,3,0,3,0.0,1.0
1191,2010,DF,DEPUTADO FEDERAL,PSOL,8,3,11,0.2727272727272727,0.7272727272727273
1192,2010,DF,DEPUTADO FEDERAL,PSL,4,2,6,0.3333333333333333,0.6666666666666666
1193,2010,DF,DEPUTADO FEDERAL,PDT,7,0,7,0.0,1.0
1194,2010,DF,DEPUTADO FEDERAL,PMN,1,1,2,0.5,0.5
1195,2010,DF,DEPUTADO FEDERAL,PRTB,3,1,4,0.25,0.75
1196,2010,DF,DEPUTADO FEDERAL,PV,4,2,6,0.3333333333333333,0.6666666666666666
1197,2010,DF,DEPUTADO FEDERAL,PSDC,2,1,3,0.3333333333333333,0.6666666666666666
1198,2010,DF,DEPUTADO FEDERAL,PTB,9,1,10,0.1,0.9
1199,2010,DF,DEPUTADO FEDERAL,PHS,11,2,13,0.15384615384615385,0.8461538461538461
1200,2010,DF,DEPUTADO FEDERAL,PPS,3,0,3,0.0,1.0
1201,2010,DF,DEPUTADO FEDERAL,PT,6,1,7,0.14285714285714285,0.8571428571428571
1202,2010,DF,DEPUTADO FEDERAL,PRP,1,1,2,0.5,0.5
1203,2010,DF,DEPUTADO FEDERAL,PTC,3,1,4,0.25,0.75
1204,2010,DF,DEPUTADO FEDERAL,PMDB,5,2,7,0.2857142857142857,0.7142857142857143
1205,2010,DF,DEPUTADO FEDERAL,PSTU,2,1,3,0.3333333333333333,0.6666666666666666
1206,2010,DF,DEPUTADO FEDERAL,PSB,1,1,2,0.5,0.5
1207,2010,DF,DEPUTADO FEDERAL,PP,5,0,5,0.0,1.0
1208,2010,DF,DEPUTADO FEDERAL,PSC,4,2,6,0.3333333333333333,0.6666666666666666
1209,2010,DF,DEPUTADO FEDERAL,PR,2,0,2,0.0,1.0
1210,2010,DF,DEPUTADO FEDERAL,PC do B,1,0,1,0.0,1.0
1211,2010,DF,DEPUTADO FEDERAL,PT do B,1,1,2,0.5,0.5
1212,2010,DF,DEPUTADO FEDERAL,PRB,1,1,2,0.5,0.5
1213,2010,DF,DEPUTADO FEDERAL,PSDB,2,2,4,0.5,0.5
1214,2010,DF,DEPUTADO FEDERAL,PCB,1,0,1,0.0,1.0
1215,2010,DF,DEPUTADO FEDERAL,PCO,0,1,1,1.0,0.0
1216,2010,DF,DEPUTADO FEDERAL,PTN,1,0,1,0.0,1.0
1217,2010,DF,SENADOR,PV,2,0,2,0.0,1.0
1218,2010,DF,SENADOR,PDT,1,0,1,0.0,1.0
1219,2010,DF,SENADOR,PSOL,2,0,2,0.0,1.0
1220,2010,DF,SENADOR,PCO,1,0,1,0.0,1.0
1221,2010,DF,SENADOR,DEM,1,0,1,0.0,1.0
1222,2010,DF,SENADOR,PSDB,0,1,1,1.0,0.0
1223,2010,DF,SENADOR,PTN,1,0,1,0.0,1.0
1224,2010,DF,SENADOR,PSTU,1,0,1,0.0,1.0
1225,2010,DF,SENADOR,PSB,1,0,1,0.0,1.0
1226,2010,DF,SENADOR,PCB,0,1,1,1.0,0.0
1227,2010,DF,SENADOR,PSL,1,0,1,0.0,1.0
1228,2014,DF,DEPUTADO DISTRITAL,PHS,30,21,51,0.4117647058823529,0.5882352941176471
1229,2014,DF,DEPUTADO DISTRITAL,PMDB,33,15,48,0.3125,0.6875
1230,2014,DF,DEPUTADO DISTRITAL,PCB,0,1,1,1.0,0.0
1231,2014,DF,DEPUTADO DISTRITAL,PRTB,38,17,55,0.3090909090909091,0.6909090909090909
1232,2014,DF,DEPUTADO DISTRITAL,PTN,6,2,8,0.25,0.75
1233,2014,DF,DEPUTADO DISTRITAL,PTB,22,4,26,0.15384615384615385,0.8461538461538461
1234,2014,DF,DEPUTADO DISTRITAL,PPL,32,12,44,0.2727272727272727,0.7272727272727273
1235,2014,DF,DEPUTADO DISTRITAL,PV,25,12,37,0.32432432432432434,0.6756756756756757
1236,2014,DF,DEPUTADO DISTRITAL,PEN,33,14,47,0.2978723404255319,0.7021276595744681
1237,2014,DF,DEPUTADO DISTRITAL,PSB,24,11,35,0.3142857142857143,0.6857142857142857
1238,2014,DF,DEPUTADO DISTRITAL,PMN,13,6,19,0.3157894736842105,0.6842105263157895
1239,2014,DF,DEPUTADO DISTRITAL,PSD,33,16,49,0.32653061224489793,0.673469387755102
1240,2014,DF,DEPUTADO DISTRITAL,PSOL,26,12,38,0.3157894736842105,0.6842105263157895
1241,2014,DF,DEPUTADO DISTRITAL,PRP,21,8,29,0.27586206896551724,0.7241379310344828
1242,2014,DF,DEPUTADO DISTRITAL,PC do B,13,9,22,0.4090909090909091,0.5909090909090909
1243,2014,DF,DEPUTADO DISTRITAL,PDT,27,10,37,0.2702702702702703,0.7297297297297297
1244,2014,DF,DEPUTADO DISTRITAL,PT do B,22,3,25,0.12,0.88
1245,2014,DF,DEPUTADO DISTRITAL,PRB,26,11,37,0.2972972972972973,0.7027027027027027
1246,2014,DF,DEPUTADO DISTRITAL,PTC,26,11,37,0.2972972972972973,0.7027027027027027
1247,2014,DF,DEPUTADO DISTRITAL,PROS,23,8,31,0.25806451612903225,0.7419354838709677
1248,2014,DF,DEPUTADO DISTRITAL,PT,29,11,40,0.275,0.725
1249,2014,DF,DEPUTADO DISTRITAL,PSL,18,8,26,0.3076923076923077,0.6923076923076923
1250,2014,DF,DEPUTADO DISTRITAL,PR,28,18,46,0.391304347826087,0.6086956521739131
1251,2014,DF,DEPUTADO DISTRITAL,PPS,34,14,48,0.2916666666666667,0.7083333333333334
1252,2014,DF,DEPUTADO DISTRITAL,DEM,35,15,50,0.3,0.7
1253,2014,DF,DEPUTADO DISTRITAL,PSDC,18,6,24,0.25,0.75
1254,2014,DF,DEPUTADO DISTRITAL,PSDB,32,16,48,0.3333333333333333,0.6666666666666666
1255,2014,DF,DEPUTADO DISTRITAL,PSC,25,15,40,0.375,0.625
1256,2014,DF,DEPUTADO DISTRITAL,PP,15,9,24,0.375,0.625
1257,2014,DF,DEPUTADO DISTRITAL,SD,1,1,2,0.5,0.5
1258,2014,DF,DEPUTADO DISTRITAL,PSTU,1,0,1,0.0,1.0
1259,2014,DF,DEPUTADO DISTRITAL,PCO,1,0,1,0.0,1.0
1260,2014,DF,DEPUTADO FEDERAL,PSOL,9,4,13,0.3076923076923077,0.6923076923076923
1261,2014,DF,DEPUTADO FEDERAL,PT,6,5,11,0.45454545454545453,0.5454545454545454
1262,2014,DF,DEPUTADO FEDERAL,PP,2,1,3,0.3333333333333333,0.6666666666666666
1263,2014,DF,DEPUTADO FEDERAL,PSB,7,3,10,0.3,0.7
1264,2014,DF,DEPUTADO FEDERAL,PPS,2,2,4,0.5,0.5
1265,2014,DF,DEPUTADO FEDERAL,PMDB,4,2,6,0.3333333333333333,0.6666666666666666
1266,2014,DF,DEPUTADO FEDERAL,PSC,2,1,3,0.3333333333333333,0.6666666666666666
1267,2014,DF,DEPUTADO FEDERAL,PDT,8,3,11,0.2727272727272727,0.7272727272727273
1268,2014,DF,DEPUTADO FEDERAL,PMN,1,2,3,0.6666666666666666,0.3333333333333333
1269,2014,DF,DEPUTADO FEDERAL,PTB,3,2,5,0.4,0.6
1270,2014,DF,DEPUTADO FEDERAL,PRTB,4,3,7,0.42857142857142855,0.5714285714285714
1271,2014,DF,DEPUTADO FEDERAL,PPL,2,0,2,0.0,1.0
1272,2014,DF,DEPUTADO FEDERAL,PTC,2,2,4,0.5,0.5
1273,2014,DF,DEPUTADO FEDERAL,PSDB,10,5,15,0.3333333333333333,0.6666666666666666
1274,2014,DF,DEPUTADO FEDERAL,PSDC,4,2,6,0.3333333333333333,0.6666666666666666
1275,2014,DF,DEPUTADO FEDERAL,PHS,2,3,5,0.6,0.4
1276,2014,DF,DEPUTADO FEDERAL,PCB,1,0,1,0.0,1.0
1277,2014,DF,DEPUTADO FEDERAL,PR,5,1,6,0.16666666666666666,0.8333333333333334
1278,2014,DF,DEPUTADO FEDERAL,PRP,1,0,1,0.0,1.0
1279,2014,DF,DEPUTADO FEDERAL,PSD,1,0,1,0.0,1.0
1280,2014,DF,DEPUTADO FEDERAL,SD,1,1,2,0.5,0.5
1281,2014,DF,DEPUTADO FEDERAL,PROS,1,0,1,0.0,1.0
1282,2014,DF,DEPUTADO FEDERAL,PTN,1,1,2,0.5,0.5
1283,2014,DF,DEPUTADO FEDERAL,PSL,1,0,1,0.0,1.0
1284,2014,DF,DEPUTADO FEDERAL,PT do B,2,0,2,0.0,1.0
1285,2014,DF,DEPUTADO FEDERAL,PRB,2,0,2,0.0,1.0
1286,2014,DF,DEPUTADO FEDERAL,DEM,1,0,1,0.0,1.0
1287,2014,DF,DEPUTADO FEDERAL,PEN,1,0,1,0.0,1.0
1288,2014,DF,DEPUTADO FEDERAL,PC do B,1,0,1,0.0,1.0
1289,2014,DF,DEPUTADO FEDERAL,PSTU,1,1,2,0.5,0.5
1290,2014,DF,DEPUTADO FEDERAL,PV,1,0,1,0.0,1.0
1291,2014,DF,DEPUTADO FEDERAL,PCO,1,0,1,0.0,1.0
1292,2014,DF,SENADOR,PDT,1,0,1,0.0,1.0
1293,2014,DF,SENADOR,PT,1,0,1,0.0,1.0
1294,2014,DF,SENADOR,PSTU,1,0,1,0.0,1.0
1295,2014,DF,SENADOR,PSOL,1,0,1,0.0,1.0
1296,2014,DF,SENADOR,PCB,1,0,1,0.0,1.0
1297,2014,DF,SENADOR,PCO,1,0,1,0.0,1.0
1298,2014,DF,SENADOR,PSDB,0,1,1,1.0,0.0
1299,2014,DF,SENADOR,PTB,1,0,1,0.0,1.0
1300,2018,DF,DEPUTADO DISTRITAL,PC do B,10,5,15,0.3333333333333333,0.6666666666666666
1301,2018,DF,DEPUTADO DISTRITAL,PMB,12,12,24,0.5,0.5
1302,2018,DF,DEPUTADO DISTRITAL,PP,34,15,49,0.30612244897959184,0.6938775510204082
1303,2018,DF,DEPUTADO DISTRITAL,PDT,21,8,29,0.27586206896551724,0.7241379310344828
1304,2018,DF,DEPUTADO DISTRITAL,DC,7,2,9,0.2222222222222222,0.7777777777777778
1305,2018,DF,DEPUTADO DISTRITAL,PR,33,15,48,0.3125,0.6875
1306,2018,DF,DEPUTADO DISTRITAL,PT,23,11,34,0.3235294117647059,0.6764705882352942
1307,2018,DF,DEPUTADO DISTRITAL,PATRI,21,4,25,0.16,0.84
1308,2018,DF,DEPUTADO DISTRITAL,PPS,21,9,30,0.3,0.7
1309,2018,DF,DEPUTADO DISTRITAL,PRTB,4,5,9,0.5555555555555556,0.4444444444444444
1310,2018,DF,DEPUTADO DISTRITAL,PODE,16,8,24,0.3333333333333333,0.6666666666666666
1311,2018,DF,DEPUTADO DISTRITAL,PSL,14,9,23,0.391304347826087,0.6086956521739131
1312,2018,DF,DEPUTADO DISTRITAL,REDE,23,10,33,0.30303030303030304,0.696969696969697
1313,2018,DF,DEPUTADO DISTRITAL,MDB,32,16,48,0.3333333333333333,0.6666666666666666
1314,2018,DF,DEPUTADO DISTRITAL,NOVO,21,10,31,0.3225806451612903,0.6774193548387096
1315,2018,DF,DEPUTADO DISTRITAL,PMN,10,8,18,0.4444444444444444,0.5555555555555556
1316,2018,DF,DEPUTADO DISTRITAL,AVANTE,35,16,51,0.3137254901960784,0.6862745098039216
1317,2018,DF,DEPUTADO DISTRITAL,PHS,30,13,43,0.3023255813953488,0.6976744186046512
1318,2018,DF,DEPUTADO DISTRITAL,PTB,33,15,48,0.3125,0.6875
1319,2018,DF,DEPUTADO DISTRITAL,DEM,10,4,14,0.2857142857142857,0.7142857142857143
1320,2018,DF,DEPUTADO DISTRITAL,SOLIDARIEDADE,12,4,16,0.25,0.75
1321,2018,DF,DEPUTADO DISTRITAL,PRB,21,11,32,0.34375,0.65625
1322,2018,DF,DEPUTADO DISTRITAL,PROS,33,15,48,0.3125,0.6875
1323,2018,DF,DEPUTADO DISTRITAL,PV,11,8,19,0.42105263157894735,0.5789473684210527
1324,2018,DF,DEPUTADO DISTRITAL,PSB,24,13,37,0.35135135135135137,0.6486486486486487
1325,2018,DF,DEPUTADO DISTRITAL,PSOL,16,7,23,0.30434782608695654,0.6956521739130435
1326,2018,DF,DEPUTADO DISTRITAL,PSC,34,14,48,0.2916666666666667,0.7083333333333334
1327,2018,DF,DEPUTADO DISTRITAL,PSD,14,5,19,0.2631578947368421,0.7368421052631579
1328,2018,DF,DEPUTADO DISTRITAL,PTC,23,8,31,0.25806451612903225,0.7419354838709677
1329,2018,DF,DEPUTADO DISTRITAL,PSDB,17,9,26,0.34615384615384615,0.6538461538461539
1330,2018,DF,DEPUTADO DISTRITAL,PRP,29,10,39,0.2564102564102564,0.7435897435897436
1331,2018,DF,DEPUTADO DISTRITAL,PPL,19,5,24,0.20833333333333334,0.7916666666666666
1332,2018,DF,DEPUTADO DISTRITAL,PCO,3,2,5,0.4,0.6
1333,2018,DF,DEPUTADO DISTRITAL,PSTU,1,0,1,0.0,1.0
